,last_name,first_name,player_id,year,pa,bip,ba,est_ba,est_ba_minus_ba_diff,slg,est_slg,est_slg_minus_slg_diff,woba,est_woba,est_woba_minus_woba_diff
0,Semien, Marcus,543760,2022,724,547,0.248,0.243,0.005,0.429,0.394,0.0349999999999999,0.317,0.306,0.011
1,Turner, Trea,607208,2022,707,527,0.298,0.276,0.0219999999999999,0.466,0.432,0.034,0.35,0.335,0.0149999999999999
2,Lindor, Francisco,596019,2022,704,504,0.27,0.254,0.016,0.449,0.428,0.021,0.342,0.331,0.011
3,Guerrero Jr., Vladimir,665489,2022,700,526,0.274,0.276,-0.002,0.48,0.462,0.0179999999999999,0.351,0.348,0.003
4,Bichette, Bo,666182,2022,697,499,0.29,0.278,0.0119999999999999,0.469,0.444,0.0249999999999999,0.347,0.334,0.0129999999999999
5,Swanson, Dansby,621020,2022,696,462,0.277,0.257,0.02,0.447,0.461,-0.014,0.337,0.337,0.0
6,Freeman, Freddie,518692,2022,696,517,0.325,0.313,0.012,0.511,0.538,-0.027,0.393,0.403,-0.01
7,Olson, Matt,621566,2022,693,450,0.24,0.248,-0.008,0.477,0.467,0.0099999999999999,0.344,0.347,-0.003
8,Riley, Austin,663586,2022,692,451,0.273,0.271,0.002,0.528,0.531,-0.003,0.377,0.378,-0.001
9,Cronenworth, Jake,630105,2022,681,464,0.239,0.221,0.0179999999999999,0.39,0.356,0.034,0.318,0.303,0.015
10,Judge, Aaron,592450,2022,677,400,0.311,0.305,0.006,0.686,0.706,-0.0199999999999999,0.458,0.463,-0.005
11,Abreu, José,547989,2022,677,495,0.304,0.296,0.008,0.446,0.486,-0.0399999999999999,0.361,0.373,-0.012
12,Nimmo, Brandon,607043,2022,673,470,0.274,0.261,0.013,0.433,0.409,0.024,0.353,0.342,0.0109999999999999
13,Hoskins, Rhys,656555,2022,672,424,0.246,0.239,0.007,0.462,0.445,0.017,0.345,0.338,0.0069999999999999
14,Rosario, Amed,642708,2022,670,530,0.283,0.276,0.0069999999999999,0.403,0.396,0.007,0.311,0.31,0.001
15,Mullins, Cedric,656775,2022,670,488,0.258,0.232,0.0259999999999999,0.403,0.348,0.055,0.315,0.288,0.027
16,Alonso, Pete,624413,2022,669,478,0.271,0.261,0.01,0.518,0.489,0.029,0.366,0.354,0.012
17,Yelich, Christian,592885,2022,666,416,0.252,0.258,-0.006,0.383,0.404,-0.021,0.328,0.339,-0.011
18,Schwarber, Kyle,656941,2022,666,379,0.218,0.237,-0.0189999999999999,0.504,0.535,-0.031,0.355,0.375,-0.02
19,Walker, Christian,572233,2022,665,459,0.242,0.257,-0.015,0.477,0.484,-0.007,0.346,0.359,-0.013
20,Ramírez, José,608070,2022,665,528,0.28,0.255,0.025,0.514,0.408,0.106,0.363,0.32,0.0429999999999999
21,Profar, Jurickson,595777,2022,658,478,0.243,0.251,-0.008,0.391,0.359,0.032,0.32,0.315,0.005
22,Soto, Juan,665742,2022,658,428,0.242,0.266,-0.024,0.452,0.501,-0.0489999999999999,0.376,0.401,-0.025
23,Seager, Corey,608369,2022,656,495,0.245,0.283,-0.0379999999999999,0.455,0.51,-0.0549999999999999,0.331,0.372,-0.0409999999999999
24,García, Adolis,666969,2022,655,428,0.25,0.244,0.006,0.456,0.447,0.009,0.324,0.322,0.002
25,Bregman, Alex,608324,2022,655,481,0.259,0.257,0.002,0.454,0.416,0.038,0.358,0.35,0.008
26,Ohtani, Shohei,660271,2022,652,428,0.273,0.278,-0.005,0.519,0.552,-0.033,0.37,0.385,-0.015
27,Goldschmidt, Paul,502671,2022,650,424,0.317,0.261,0.0559999999999999,0.578,0.482,0.0959999999999999,0.419,0.367,0.0519999999999999
28,Santander, Anthony,623993,2022,646,457,0.24,0.257,-0.017,0.455,0.472,-0.0169999999999999,0.336,0.352,-0.0159999999999999
29,Lowe, Nathaniel,663993,2022,643,446,0.302,0.275,0.0269999999999999,0.492,0.459,0.0329999999999999,0.368,0.344,0.024
30,Arozarena, Randy,668227,2022,643,432,0.263,0.234,0.0289999999999999,0.445,0.382,0.063,0.336,0.301,0.035
31,Bell, Josh,605137,2022,643,456,0.266,0.273,-0.007,0.422,0.424,-0.002,0.344,0.349,-0.005
32,Verdugo, Alex,657077,2022,642,513,0.28,0.278,0.002,0.405,0.428,-0.0229999999999999,0.319,0.329,-0.01
33,Betts, Mookie,605141,2022,639,472,0.269,0.254,0.015,0.533,0.465,0.068,0.373,0.344,0.029
34,Happ, Ian,664023,2022,637,428,0.271,0.239,0.032,0.44,0.379,0.061,0.339,0.306,0.033
35,Kwan, Steven,680757,2022,636,509,0.298,0.268,0.0299999999999999,0.4,0.341,0.059,0.341,0.312,0.029
36,Machado, Manny,592518,2022,634,447,0.298,0.264,0.0339999999999999,0.531,0.447,0.084,0.382,0.338,0.0439999999999999
37,Bohm, Alec,664761,2022,630,486,0.28,0.29,-0.0099999999999999,0.398,0.436,-0.0379999999999999,0.31,0.333,-0.023
38,Witt Jr., Bobby,677951,2022,630,461,0.254,0.252,0.002,0.428,0.427,0.001,0.311,0.313,-0.002
39,Bogaerts, Xander,593428,2022,629,446,0.307,0.259,0.0479999999999999,0.456,0.383,0.073,0.363,0.323,0.0399999999999999
40,Suárez, Eugenio,553993,2022,629,352,0.236,0.22,0.0159999999999999,0.459,0.454,0.005,0.344,0.339,0.0049999999999999
41,Edman, Tommy,669242,2022,628,468,0.265,0.258,0.007,0.4,0.38,0.02,0.318,0.308,0.01
42,Cron, C.J.,543068,2022,626,416,0.257,0.244,0.013,0.468,0.438,0.03,0.335,0.321,0.014
43,Pham, Tommy,502054,2022,622,392,0.236,0.238,-0.002,0.374,0.383,-0.009,0.304,0.311,-0.007
44,Chapman, Matt,656305,2022,620,373,0.229,0.234,-0.005,0.433,0.44,-0.007,0.331,0.341,-0.01
45,Arenado, Nolan,571448,2022,617,489,0.293,0.265,0.0279999999999999,0.533,0.445,0.088,0.381,0.339,0.0419999999999999
46,Hernández, César,514917,2022,617,451,0.248,0.248,0.0,0.318,0.329,-0.011,0.283,0.29,-0.007
47,Adames, Willy,642715,2022,614,401,0.238,0.238,0.0,0.458,0.451,0.007,0.325,0.323,0.002
48,Murphy, Sean,669221,2022,610,418,0.25,0.252,-0.002,0.426,0.429,-0.003,0.331,0.34,-0.009
49,France, Ty,664034,2022,610,462,0.274,0.262,0.012,0.436,0.398,0.0379999999999999,0.337,0.321,0.016
50,Mountcastle, Ryan,663624,2022,608,408,0.25,0.276,-0.026,0.423,0.508,-0.085,0.316,0.361,-0.0449999999999999
51,Reynolds, Bryan,668804,2022,608,403,0.262,0.249,0.013,0.461,0.416,0.045,0.349,0.329,0.0199999999999999
52,Tucker, Kyle,663656,2022,605,451,0.257,0.262,-0.005,0.478,0.482,-0.004,0.348,0.353,-0.005
53,Devers, Rafael,646240,2022,603,444,0.295,0.282,0.013,0.521,0.497,0.024,0.373,0.361,0.012
54,Crawford, J.P.,641487,2022,603,445,0.243,0.255,-0.012,0.336,0.337,-0.001,0.306,0.315,-0.009
55,Altuve, Jose,514888,2022,602,441,0.3,0.269,0.0309999999999999,0.533,0.44,0.093,0.397,0.354,0.043
56,Arraez, Luis,650333,2022,601,507,0.316,0.288,0.028,0.42,0.408,0.012,0.35,0.333,0.0169999999999999
57,Flores, Wilmer,527038,2022,601,429,0.229,0.233,-0.004,0.394,0.372,0.022,0.312,0.311,0.001
58,Frazier, Adam,624428,2022,601,478,0.238,0.262,-0.024,0.311,0.339,-0.028,0.274,0.297,-0.0229999999999999
59,McMahon, Ryan,641857,2022,597,374,0.246,0.248,-0.002,0.414,0.423,-0.009,0.326,0.33,-0.004
60,Straw, Myles,664702,2022,596,454,0.221,0.236,-0.0149999999999999,0.273,0.301,-0.0279999999999999,0.257,0.275,-0.018
61,Martinez, J.D.,502110,2022,594,393,0.274,0.26,0.014,0.448,0.471,-0.0229999999999999,0.342,0.348,-0.0059999999999999
62,Varsho, Daulton,662139,2022,592,393,0.235,0.214,0.0209999999999999,0.443,0.389,0.0539999999999999,0.323,0.298,0.025
63,Tellez, Rowdy,642133,2022,590,411,0.219,0.252,-0.033,0.461,0.479,-0.0179999999999999,0.327,0.349,-0.0219999999999999
64,Báez, Javier,595879,2022,589,411,0.238,0.23,0.0079999999999999,0.393,0.378,0.015,0.291,0.285,0.006
65,McNeil, Jeff,643446,2022,588,477,0.326,0.28,0.0459999999999999,0.454,0.389,0.065,0.365,0.323,0.0419999999999999
66,Correa, Carlos,621043,2022,588,405,0.291,0.276,0.0149999999999999,0.467,0.484,-0.0169999999999999,0.362,0.363,-0.001
67,Mancini, Trey,641820,2022,585,389,0.239,0.244,-0.005,0.391,0.408,-0.0169999999999999,0.312,0.326,-0.014
68,Gurriel, Yuli,493329,2022,584,475,0.242,0.24,0.002,0.36,0.319,0.0409999999999999,0.285,0.271,0.0139999999999999
69,Farmer, Kyle,571657,2022,583,435,0.255,0.258,-0.003,0.386,0.38,0.006,0.309,0.311,-0.002
70,Springer, George,543807,2022,582,418,0.267,0.265,0.002,0.472,0.438,0.0339999999999999,0.352,0.342,0.0099999999999999
71,Hays, Austin,669720,2022,582,424,0.25,0.239,0.011,0.413,0.372,0.0409999999999999,0.314,0.298,0.016
72,Kim, Ha-Seong,673490,2022,582,424,0.251,0.25,0.001,0.383,0.368,0.015,0.313,0.309,0.004
73,Rodgers, Brendan,663898,2022,581,431,0.266,0.265,0.001,0.408,0.404,0.0039999999999999,0.321,0.326,-0.005
74,McCutchen, Andrew,457705,2022,579,395,0.237,0.252,-0.015,0.384,0.406,-0.022,0.309,0.325,-0.016
75,Andrus, Elvis,462101,2022,577,443,0.249,0.244,0.005,0.404,0.354,0.05,0.31,0.291,0.019
76,Smith, Will,669257,2022,574,416,0.26,0.257,0.003,0.465,0.473,-0.0079999999999999,0.349,0.352,-0.003
77,Blackmon, Charlie,453568,2022,573,428,0.264,0.256,0.008,0.419,0.376,0.0429999999999999,0.317,0.301,0.016
78,Torres, Gleyber,650402,2022,570,401,0.257,0.244,0.013,0.451,0.441,0.01,0.328,0.319,0.009
79,Drury, Brandon,592273,2022,568,396,0.263,0.242,0.021,0.492,0.42,0.072,0.35,0.316,0.0339999999999999
80,Voit, Luke,572228,2022,567,327,0.226,0.222,0.004,0.402,0.434,-0.0319999999999999,0.311,0.322,-0.011
81,Muncy, Max,571970,2022,564,329,0.196,0.208,-0.0119999999999999,0.384,0.417,-0.0329999999999999,0.318,0.339,-0.021
82,Ward, Taylor,621493,2022,564,380,0.281,0.268,0.013,0.473,0.474,-0.001,0.362,0.361,0.001
83,Realmuto, J.T.,592663,2022,561,390,0.276,0.275,0.001,0.478,0.463,0.0149999999999999,0.354,0.351,0.003
84,Hayes, Ke'Bryan,663647,2022,560,385,0.244,0.25,-0.006,0.345,0.354,-0.009,0.294,0.303,-0.009
85,Yastrzemski, Mike,573262,2022,558,351,0.214,0.219,-0.005,0.392,0.391,0.001,0.307,0.313,-0.006
86,Castellanos, Nick,592206,2022,558,396,0.263,0.25,0.013,0.389,0.395,-0.006,0.304,0.302,0.002
87,Peña, Jeremy,665161,2022,558,392,0.253,0.248,0.005,0.426,0.397,0.0289999999999999,0.309,0.3,0.009
88,Kemp, Tony,643393,2022,558,436,0.235,0.218,0.0169999999999999,0.334,0.289,0.045,0.287,0.266,0.0209999999999999
89,Rodríguez, Julio,677594,2022,556,367,0.284,0.254,0.0299999999999999,0.509,0.46,0.0489999999999999,0.366,0.337,0.0289999999999999
90,Díaz, Yandy,650490,2022,556,414,0.296,0.288,0.008,0.423,0.424,-0.001,0.366,0.365,0.001
91,Vaughn, Andrew,683734,2022,555,419,0.271,0.255,0.016,0.429,0.415,0.014,0.327,0.319,0.008
92,Marte, Ketel,606466,2022,555,396,0.24,0.251,-0.011,0.407,0.377,0.0299999999999999,0.317,0.315,0.002
93,Giménez, Andrés,665926,2022,553,386,0.297,0.257,0.0399999999999999,0.466,0.4,0.066,0.364,0.326,0.0379999999999999
94,Alvarez, Yordan,670541,2022,552,371,0.306,0.329,-0.023,0.613,0.672,-0.059,0.427,0.462,-0.035
95,Brown, Seth,664913,2022,552,355,0.23,0.251,-0.0209999999999999,0.444,0.455,-0.011,0.323,0.339,-0.016
96,Merrifield, Whit,593160,2022,550,427,0.25,0.24,0.01,0.375,0.356,0.019,0.294,0.288,0.006
97,Bellinger, Cody,641355,2022,550,360,0.21,0.213,-0.003,0.389,0.354,0.035,0.284,0.278,0.0059999999999999
98,Urshela, Gio,570482,2022,549,412,0.285,0.268,0.0169999999999999,0.429,0.416,0.013,0.332,0.323,0.009
99,Thomas, Lane,657041,2022,548,371,0.241,0.222,0.0189999999999999,0.404,0.357,0.047,0.308,0.286,0.022
100,Winker, Jesse,608385,2022,546,356,0.219,0.249,-0.03,0.344,0.403,-0.059,0.313,0.345,-0.0319999999999999
101,Donaldson, Josh,518626,2022,545,336,0.222,0.215,0.007,0.374,0.37,0.004,0.302,0.299,0.003
102,Rizzo, Anthony,519203,2022,542,366,0.224,0.239,-0.0149999999999999,0.48,0.454,0.0259999999999999,0.352,0.349,0.003
103,LeMahieu, DJ,518934,2022,541,399,0.261,0.274,-0.013,0.377,0.403,-0.026,0.329,0.344,-0.0149999999999999
104,Estrada, Thairo,642731,2022,541,405,0.26,0.247,0.013,0.4,0.354,0.046,0.317,0.3,0.017
105,Canha, Mark,592192,2022,541,369,0.266,0.245,0.021,0.403,0.362,0.041,0.343,0.324,0.019
106,Kirk, Alejandro,672386,2022,539,416,0.285,0.278,0.0069999999999999,0.415,0.431,-0.016,0.347,0.351,-0.004
107,Escobar, Eduardo,500871,2022,539,372,0.24,0.241,-0.001,0.43,0.425,0.005,0.311,0.313,-0.002
108,Grichuk, Randal,545341,2022,538,381,0.259,0.229,0.03,0.425,0.37,0.0549999999999999,0.315,0.281,0.0339999999999999
109,Hernández, Teoscar,606192,2022,534,347,0.267,0.265,0.002,0.491,0.501,-0.01,0.347,0.351,-0.004
110,Mateo, Jorge,622761,2022,533,352,0.221,0.222,-0.001,0.379,0.345,0.034,0.281,0.272,0.009
111,Wisdom, Patrick,621550,2022,533,289,0.207,0.188,0.0189999999999999,0.426,0.38,0.0459999999999999,0.316,0.295,0.021
112,Melendez, MJ,669004,2022,533,336,0.217,0.237,-0.0199999999999999,0.393,0.41,-0.0169999999999999,0.31,0.332,-0.022
113,Turner, Justin,457759,2022,531,387,0.278,0.267,0.011,0.438,0.427,0.011,0.343,0.339,0.004
114,Kiner-Falefa, Isiah,643396,2022,529,419,0.261,0.262,-0.001,0.327,0.333,-0.006,0.285,0.29,-0.005
115,Acuña Jr., Ronald,660670,2022,529,344,0.266,0.272,-0.006,0.413,0.486,-0.073,0.335,0.366,-0.0309999999999999
116,Pollock, AJ,572041,2022,527,395,0.245,0.258,-0.013,0.389,0.419,-0.0299999999999999,0.297,0.317,-0.02
117,Grisham, Trent,663757,2022,523,310,0.184,0.204,-0.0199999999999999,0.341,0.354,-0.0129999999999999,0.28,0.295,-0.0149999999999999
118,Renfroe, Hunter,592669,2022,521,358,0.255,0.24,0.015,0.492,0.438,0.0539999999999999,0.347,0.323,0.0239999999999999
119,Benintendi, Andrew,643217,2022,521,390,0.304,0.273,0.0309999999999999,0.399,0.407,-0.0079999999999999,0.342,0.334,0.008
120,Hoerner, Nico,663538,2022,513,426,0.281,0.27,0.011,0.41,0.367,0.0429999999999999,0.32,0.301,0.019
121,Rengifo, Luis,650859,2022,511,411,0.264,0.254,0.01,0.429,0.392,0.0369999999999999,0.314,0.296,0.018
122,Schoop, Jonathan,570731,2022,509,378,0.202,0.228,-0.0259999999999999,0.322,0.338,-0.016,0.245,0.268,-0.023
123,Rojas, Josh,668942,2022,508,355,0.269,0.242,0.027,0.391,0.365,0.026,0.326,0.308,0.018
124,Ozuna, Marcell,542303,2022,507,352,0.226,0.256,-0.03,0.413,0.478,-0.065,0.298,0.337,-0.039
125,Aguilar, Jesús,542583,2022,506,350,0.235,0.24,-0.005,0.379,0.393,-0.014,0.288,0.298,-0.01
126,Cruz, Nelson,443558,2022,506,332,0.234,0.241,-0.0069999999999999,0.337,0.399,-0.062,0.292,0.32,-0.028
127,Rojas, Miguel,500743,2022,506,414,0.236,0.264,-0.028,0.323,0.347,-0.0239999999999999,0.268,0.293,-0.0249999999999999
128,Marte, Starling,516782,2022,505,369,0.292,0.276,0.0159999999999999,0.468,0.429,0.039,0.355,0.336,0.0189999999999999
129,Santana, Carlos,467793,2022,504,345,0.202,0.253,-0.0509999999999999,0.376,0.438,-0.062,0.308,0.352,-0.0439999999999999
130,Perdomo, Geraldo,672695,2022,500,342,0.195,0.213,-0.0179999999999999,0.262,0.282,-0.0199999999999999,0.253,0.269,-0.016
131,Dozier, Hunter,641531,2022,500,338,0.236,0.241,-0.005,0.387,0.387,0.0,0.298,0.301,-0.003
132,Wong, Kolten,543939,2022,495,349,0.251,0.235,0.016,0.43,0.353,0.077,0.336,0.305,0.031
133,Naylor, Josh,647304,2022,494,374,0.256,0.257,-0.001,0.452,0.43,0.022,0.331,0.327,0.004
134,Gurriel Jr., Lourdes,666971,2022,492,372,0.291,0.273,0.0179999999999999,0.4,0.4,0.0,0.327,0.321,0.006
135,Trout, Mike,545361,2022,491,300,0.283,0.265,0.0179999999999999,0.63,0.583,0.047,0.418,0.395,0.0229999999999999
136,Espinal, Santiago,669289,2022,490,385,0.267,0.263,0.004,0.37,0.348,0.022,0.305,0.298,0.007
137,Carlson, Dylan,666185,2022,487,342,0.236,0.234,0.0019999999999999,0.38,0.355,0.025,0.306,0.301,0.005
138,Contreras, Willson,575929,2022,487,315,0.243,0.256,-0.013,0.466,0.463,0.003,0.357,0.364,-0.007
139,Peralta, David,444482,2022,485,331,0.251,0.249,0.002,0.415,0.399,0.0159999999999999,0.315,0.313,0.002
140,Miranda, Jose,669304,2022,483,354,0.268,0.253,0.015,0.426,0.41,0.016,0.329,0.317,0.012
141,Lopez, Nicky,670032,2022,480,384,0.227,0.243,-0.0159999999999999,0.273,0.312,-0.0389999999999999,0.251,0.273,-0.022
142,Grossman, Robbie,543257,2022,477,286,0.209,0.205,0.004,0.311,0.305,0.006,0.283,0.281,0.0019999999999999
143,Reyes, Franmil,614177,2022,473,284,0.221,0.203,0.0179999999999999,0.365,0.358,0.007,0.28,0.275,0.005
144,Urías, Luis,649966,2022,472,312,0.239,0.238,0.001,0.404,0.398,0.006,0.327,0.326,0.001
145,Miller, Owen,680911,2022,471,340,0.243,0.246,-0.003,0.351,0.341,0.0099999999999999,0.287,0.291,-0.004
146,Odor, Rougned,596059,2022,471,321,0.207,0.207,0.0,0.357,0.339,0.0179999999999999,0.278,0.277,0.001
147,Perez, Salvador,521692,2022,471,339,0.254,0.245,0.009,0.465,0.473,-0.0079999999999999,0.324,0.326,-0.002
148,Sanchez, Gary,596142,2022,471,288,0.205,0.22,-0.015,0.377,0.439,-0.062,0.29,0.321,-0.031
149,Lux, Gavin,666158,2022,471,329,0.276,0.247,0.029,0.399,0.372,0.027,0.328,0.314,0.014
150,Rutschman, Adley,668939,2022,470,315,0.254,0.248,0.006,0.445,0.411,0.034,0.354,0.342,0.0119999999999999
151,Cooper, Garrett,643265,2022,469,300,0.261,0.26,0.001,0.415,0.436,-0.021,0.33,0.341,-0.011
152,Iglesias, José,578428,2022,467,386,0.292,0.266,0.0259999999999999,0.38,0.323,0.0569999999999999,0.312,0.281,0.0309999999999999
153,Joe, Connor,656582,2022,467,308,0.238,0.241,-0.003,0.359,0.34,0.0189999999999999,0.314,0.311,0.003
154,Donovan, Brendan,680977,2022,467,324,0.281,0.266,0.015,0.379,0.365,0.014,0.349,0.339,0.0099999999999999
155,Stott, Bryson,681082,2022,466,340,0.234,0.237,-0.0029999999999999,0.358,0.34,0.0179999999999999,0.289,0.284,0.005
156,Candelario, Jeimer,600869,2022,466,324,0.217,0.228,-0.011,0.361,0.379,-0.018,0.277,0.292,-0.0149999999999999
157,Walls, Taylor,670764,2022,466,291,0.172,0.196,-0.024,0.285,0.304,-0.019,0.252,0.27,-0.018
158,Marsh, Brandon,669016,2022,460,272,0.245,0.226,0.0189999999999999,0.384,0.372,0.012,0.296,0.287,0.009
159,Vogelbach, Daniel,596129,2022,459,273,0.238,0.236,0.002,0.433,0.428,0.005,0.349,0.35,-0.001
160,Taylor, Michael A.,572191,2022,456,310,0.254,0.223,0.031,0.357,0.358,-0.001,0.297,0.289,0.008
161,Crawford, Brandon,543063,2022,455,313,0.231,0.218,0.013,0.344,0.341,0.0029999999999999,0.289,0.287,0.002
162,Taylor, Chris,621035,2022,452,245,0.221,0.195,0.0259999999999999,0.373,0.34,0.0329999999999999,0.298,0.277,0.0209999999999999
163,Hicks, Aaron,543305,2022,450,278,0.216,0.218,-0.002,0.313,0.336,-0.023,0.292,0.303,-0.011
164,Walsh, Jared,665120,2022,450,285,0.215,0.221,-0.006,0.374,0.368,0.006,0.278,0.28,-0.002
165,Heim, Jonah,641680,2022,450,321,0.227,0.224,0.003,0.399,0.361,0.038,0.306,0.291,0.015
166,Stanton, Giancarlo,519317,2022,450,264,0.211,0.24,-0.0289999999999999,0.462,0.477,-0.0149999999999999,0.327,0.351,-0.0239999999999999
167,Kepler, Max,596146,2022,445,326,0.227,0.266,-0.039,0.348,0.412,-0.064,0.298,0.338,-0.04
168,Polanco, Jorge,593871,2022,444,284,0.235,0.248,-0.013,0.405,0.451,-0.0459999999999999,0.333,0.358,-0.0249999999999999
169,Urías, Ramón,602104,2022,444,312,0.248,0.249,-0.001,0.414,0.419,-0.005,0.313,0.319,-0.006
170,Suzuki, Seiya,673548,2022,443,290,0.262,0.247,0.015,0.433,0.419,0.014,0.334,0.327,0.007
171,Gordon, Nick,624503,2022,442,309,0.272,0.261,0.011,0.427,0.464,-0.037,0.321,0.333,-0.012
172,Castro, Harold,605612,2022,442,346,0.271,0.275,-0.004,0.381,0.423,-0.0419999999999999,0.297,0.316,-0.019
173,Harris II, Michael,671739,2022,441,308,0.297,0.268,0.0289999999999999,0.514,0.46,0.0539999999999999,0.368,0.335,0.0329999999999999
174,Ramírez, Harold,623912,2022,434,335,0.3,0.28,0.0199999999999999,0.404,0.387,0.017,0.327,0.314,0.013
175,Tapia, Raimel,606132,2022,433,334,0.265,0.256,0.009,0.38,0.366,0.014,0.293,0.286,0.007
176,Ruiz, Keibert,660688,2022,433,347,0.251,0.277,-0.026,0.36,0.403,-0.043,0.299,0.328,-0.029
177,Moncada, Yoán,660162,2022,431,285,0.212,0.22,-0.008,0.353,0.375,-0.022,0.275,0.289,-0.0139999999999999
178,Cabrera, Miguel,408234,2022,430,301,0.254,0.234,0.0199999999999999,0.317,0.331,-0.014,0.275,0.275,0.0
179,Pederson, Joc,592626,2022,430,284,0.274,0.263,0.011,0.521,0.499,0.022,0.373,0.365,0.008
180,India, Jonathan,663697,2022,430,292,0.249,0.238,0.011,0.378,0.353,0.025,0.314,0.301,0.013
181,d'Arnaud, Travis,518595,2022,426,306,0.268,0.247,0.021,0.472,0.412,0.06,0.343,0.313,0.03
182,Vázquez, Christian,543877,2022,426,332,0.274,0.262,0.012,0.399,0.375,0.024,0.312,0.301,0.011
183,Morel, Christopher,666624,2022,425,247,0.235,0.233,0.0019999999999999,0.433,0.435,-0.002,0.322,0.324,-0.002
184,Chavis, Michael,656308,2022,425,279,0.229,0.217,0.012,0.389,0.336,0.0529999999999999,0.282,0.261,0.0209999999999999
185,Harrison, Josh,543281,2022,425,319,0.256,0.233,0.0229999999999999,0.37,0.335,0.0349999999999999,0.305,0.284,0.021
186,Calhoun, Kole,594777,2022,424,255,0.196,0.223,-0.0269999999999999,0.33,0.382,-0.0519999999999999,0.26,0.294,-0.0339999999999999
187,Gamel, Ben,592325,2022,421,274,0.232,0.244,-0.0119999999999999,0.369,0.372,-0.003,0.308,0.316,-0.008
188,Senzel, Nick,669222,2022,420,300,0.231,0.249,-0.0179999999999999,0.306,0.355,-0.0489999999999999,0.272,0.299,-0.0269999999999999
189,Greene, Riley,682985,2022,418,259,0.253,0.246,0.007,0.362,0.388,-0.026,0.303,0.316,-0.013
190,Harper, Bryce,547180,2022,417,290,0.286,0.288,-0.002,0.514,0.527,-0.013,0.369,0.38,-0.011
191,Choi, Ji-Man,596847,2022,416,236,0.233,0.236,-0.0029999999999999,0.388,0.413,-0.0249999999999999,0.322,0.337,-0.015
192,Raleigh, Cal,663728,2022,415,253,0.211,0.216,-0.005,0.489,0.461,0.0279999999999999,0.33,0.324,0.006
193,Hosmer, Eric,543333,2022,414,317,0.268,0.258,0.01,0.382,0.379,0.003,0.313,0.311,0.002
194,Thomas, Alek,677950,2022,411,312,0.231,0.238,-0.0069999999999999,0.344,0.335,0.0089999999999999,0.272,0.277,-0.005
195,Sheets, Gavin,657757,2022,410,294,0.241,0.224,0.0169999999999999,0.411,0.359,0.0519999999999999,0.308,0.283,0.025
196,Gallo, Joey,608336,2022,410,188,0.16,0.169,-0.009,0.357,0.373,-0.016,0.286,0.295,-0.009
197,Daza, Yonathan,602074,2022,408,320,0.301,0.282,0.019,0.384,0.351,0.033,0.323,0.308,0.015
198,McCormick, Chas,676801,2022,407,254,0.245,0.232,0.0129999999999999,0.407,0.414,-0.007,0.326,0.325,0.001
199,Robles, Victor,645302,2022,407,277,0.224,0.203,0.0209999999999999,0.311,0.28,0.0309999999999999,0.26,0.244,0.016
200,Taylor, Tyrone,621438,2022,405,274,0.233,0.236,-0.0029999999999999,0.442,0.412,0.03,0.314,0.307,0.007
201,Berti, Jon,542932,2022,404,270,0.24,0.236,0.004,0.338,0.358,-0.0199999999999999,0.298,0.306,-0.008
202,Torkelson, Spencer,679529,2022,404,263,0.203,0.226,-0.0229999999999999,0.319,0.378,-0.059,0.272,0.305,-0.0329999999999999
203,Hernández, Enrique,571771,2022,402,294,0.222,0.238,-0.0159999999999999,0.338,0.356,-0.0179999999999999,0.28,0.296,-0.0159999999999999
204,Robert Jr., Luis,673357,2022,400,304,0.284,0.272,0.0119999999999999,0.426,0.449,-0.023,0.324,0.327,-0.003
205,Nola, Austin,543592,2022,396,297,0.251,0.256,-0.005,0.329,0.351,-0.0219999999999999,0.29,0.305,-0.015
206,Castro, Willi,650489,2022,392,287,0.241,0.261,-0.02,0.367,0.339,0.0279999999999999,0.285,0.29,-0.005
207,Story, Trevor,596115,2022,392,239,0.238,0.221,0.0169999999999999,0.434,0.397,0.0369999999999999,0.316,0.301,0.015
208,Franco, Maikel,596748,2022,388,299,0.229,0.243,-0.0139999999999999,0.342,0.351,-0.0089999999999999,0.261,0.272,-0.011
209,Ruf, Darin,573131,2022,388,232,0.204,0.218,-0.014,0.338,0.371,-0.0329999999999999,0.291,0.31,-0.019
210,Segura, Jean,516416,2022,386,297,0.277,0.254,0.023,0.387,0.363,0.024,0.32,0.303,0.017
211,Stallings, Jacob,607732,2022,384,266,0.223,0.221,0.002,0.292,0.312,-0.02,0.265,0.274,-0.009
212,Laureano, Ramón,657656,2022,383,242,0.211,0.219,-0.008,0.376,0.402,-0.026,0.294,0.307,-0.013
213,O'Neill, Tyler,641933,2022,383,238,0.228,0.24,-0.0119999999999999,0.392,0.423,-0.0309999999999999,0.307,0.331,-0.024
214,Buxton, Byron,621439,2022,382,225,0.224,0.242,-0.0179999999999999,0.526,0.509,0.017,0.356,0.358,-0.002
215,Paredes, Isaac,670623,2022,381,266,0.205,0.21,-0.005,0.435,0.348,0.087,0.323,0.297,0.026
216,Anderson, Brian,605119,2022,381,238,0.222,0.229,-0.007,0.346,0.379,-0.033,0.293,0.309,-0.016
217,Díaz, Elias,553869,2022,381,272,0.228,0.222,0.006,0.368,0.339,0.0289999999999999,0.284,0.274,0.0099999999999999
218,Gonzalez, Oscar,660757,2022,380,289,0.296,0.279,0.0169999999999999,0.461,0.422,0.039,0.339,0.32,0.019
219,García, Avisaíl,541645,2022,380,250,0.224,0.23,-0.006,0.317,0.366,-0.0489999999999999,0.258,0.281,-0.023
220,Maldonado, Martín,455117,2022,379,234,0.186,0.181,0.005,0.352,0.325,0.0269999999999999,0.264,0.253,0.011
221,Pinder, Chad,640461,2022,379,246,0.235,0.235,0.0,0.385,0.38,0.005,0.281,0.28,0.001
222,Votto, Joey,458015,2022,376,225,0.205,0.218,-0.013,0.37,0.39,-0.02,0.31,0.322,-0.012
223,García, Luis,671277,2022,376,281,0.275,0.26,0.015,0.408,0.409,-0.001,0.303,0.305,-0.002
224,Contreras, William,661388,2022,375,232,0.278,0.243,0.035,0.506,0.479,0.027,0.37,0.347,0.023
225,Grandal, Yasmani,518735,2022,375,250,0.202,0.217,-0.0149999999999999,0.269,0.319,-0.0499999999999999,0.263,0.29,-0.0269999999999999
226,Stassi, Max,545358,2022,375,223,0.18,0.18,0.0,0.303,0.325,-0.022,0.258,0.266,-0.008
227,Wendle, Joey,621563,2022,371,301,0.259,0.25,0.009,0.36,0.331,0.0289999999999999,0.289,0.276,0.0129999999999999
228,Suwinski, Jack,669261,2022,371,213,0.202,0.204,-0.0019999999999999,0.411,0.393,0.0179999999999999,0.311,0.307,0.004
229,Bradley Jr., Jackie,598265,2022,370,269,0.203,0.223,-0.0199999999999999,0.311,0.33,-0.019,0.252,0.268,-0.016
230,Ortega, Rafael,542364,2022,369,250,0.241,0.241,0.0,0.358,0.346,0.012,0.305,0.307,-0.002
231,Davis, J.D.,605204,2022,364,198,0.248,0.243,0.005,0.418,0.47,-0.0519999999999999,0.333,0.352,-0.0189999999999999
232,Margot, Manuel,622534,2022,362,269,0.274,0.264,0.01,0.375,0.357,0.018,0.308,0.299,0.009
233,Cruz, Oneil,665833,2022,360,206,0.233,0.223,0.01,0.45,0.41,0.04,0.32,0.304,0.016
234,Rivera, Emmanuel,656896,2022,359,248,0.233,0.238,-0.0049999999999999,0.409,0.41,-0.001,0.306,0.31,-0.004
235,Vierling, Matt,663837,2022,357,261,0.246,0.279,-0.033,0.351,0.408,-0.0569999999999999,0.285,0.327,-0.042
236,De La Cruz, Bryan,650559,2022,355,243,0.252,0.287,-0.0349999999999999,0.432,0.498,-0.066,0.313,0.355,-0.0419999999999999
237,McCarthy, Jake,664983,2022,354,249,0.283,0.249,0.0339999999999999,0.427,0.357,0.07,0.337,0.298,0.039
238,Kelly, Carson,608348,2022,354,250,0.211,0.225,-0.014,0.334,0.345,-0.0109999999999999,0.275,0.288,-0.0129999999999999
239,Trevino, Jose,624431,2022,353,274,0.248,0.239,0.009,0.388,0.364,0.024,0.293,0.281,0.0119999999999999
240,Dalbec, Bobby,666915,2022,353,203,0.215,0.216,-0.001,0.369,0.379,-0.01,0.287,0.296,-0.009
241,Toro, Abraham,647351,2022,351,263,0.185,0.226,-0.041,0.324,0.372,-0.0479999999999999,0.246,0.284,-0.0379999999999999
242,Haase, Eric,606992,2022,350,229,0.254,0.239,0.015,0.443,0.399,0.0439999999999999,0.322,0.302,0.02
243,Anderson, Tim,641313,2022,350,277,0.301,0.302,-0.001,0.395,0.438,-0.0429999999999999,0.323,0.34,-0.017
244,Pujols, Albert,405395,2022,350,258,0.27,0.262,0.008,0.55,0.499,0.051,0.38,0.365,0.015
245,Velazquez, Andrew,623205,2022,349,212,0.196,0.202,-0.006,0.304,0.312,-0.008,0.239,0.246,-0.007
246,González, Luis,670768,2022,349,241,0.254,0.215,0.039,0.36,0.306,0.0539999999999999,0.302,0.268,0.0339999999999999
247,Celestino, Gilberto,665482,2022,347,236,0.238,0.219,0.0189999999999999,0.302,0.294,0.008,0.28,0.27,0.01
248,Nootbaar, Lars,663457,2022,346,224,0.228,0.247,-0.0189999999999999,0.448,0.414,0.034,0.342,0.346,-0.0039999999999999
249,Sánchez, Jesús,660821,2022,343,222,0.214,0.226,-0.012,0.403,0.383,0.02,0.298,0.298,0.0
250,Franco, Wander,677551,2022,343,285,0.277,0.285,-0.0079999999999999,0.417,0.408,0.009,0.323,0.331,-0.008
251,Taveras, Leody,665750,2022,341,230,0.261,0.23,0.031,0.366,0.322,0.0439999999999999,0.297,0.27,0.0269999999999999
252,Hedges, Austin,595978,2022,338,229,0.163,0.183,-0.0199999999999999,0.248,0.264,-0.016,0.225,0.24,-0.0149999999999999
253,Reyes, Victor,622682,2022,336,242,0.254,0.261,-0.007,0.362,0.368,-0.006,0.284,0.292,-0.008
254,Guillorme, Luis,641645,2022,334,253,0.273,0.255,0.018,0.34,0.335,0.005,0.311,0.302,0.009
255,Bethancourt, Christian,542194,2022,333,239,0.252,0.256,-0.004,0.409,0.449,-0.04,0.301,0.319,-0.018
256,Naquin, Tyler,571980,2022,332,218,0.229,0.247,-0.0179999999999999,0.423,0.433,-0.01,0.303,0.317,-0.014
257,Jiménez, Eloy,650391,2022,327,224,0.295,0.266,0.0289999999999999,0.5,0.512,-0.012,0.37,0.365,0.005
258,Hernandez, Yadiel,628450,2022,327,233,0.269,0.244,0.025,0.41,0.407,0.003,0.315,0.31,0.005
259,Díaz, Aledmys,649557,2022,327,254,0.243,0.261,-0.018,0.403,0.396,0.007,0.301,0.308,-0.007
260,Allen, Nick,669397,2022,326,242,0.207,0.209,-0.002,0.291,0.265,0.0259999999999999,0.245,0.238,0.007
261,Peterson, Jace,607054,2022,326,208,0.236,0.235,0.001,0.382,0.366,0.016,0.306,0.303,0.003
262,Slater, Austin,596103,2022,325,190,0.264,0.259,0.005,0.408,0.429,-0.021,0.344,0.351,-0.007
263,Siri, Jose,642350,2022,325,194,0.213,0.207,0.006,0.339,0.323,0.016,0.268,0.261,0.007
264,Duvall, Adam,594807,2022,315,188,0.213,0.209,0.004,0.401,0.395,0.006,0.295,0.293,0.002
265,Garcia, Leury,544725,2022,315,240,0.21,0.233,-0.023,0.267,0.325,-0.0579999999999999,0.221,0.258,-0.037
266,Bader, Harrison,664056,2022,313,232,0.25,0.234,0.0159999999999999,0.356,0.321,0.0349999999999999,0.286,0.27,0.0159999999999999
267,Nido, Tomás,621512,2022,313,222,0.239,0.242,-0.003,0.324,0.377,-0.0529999999999999,0.265,0.287,-0.0219999999999999
268,Caratini, Victor,605170,2022,313,207,0.199,0.233,-0.034,0.342,0.35,-0.0079999999999999,0.289,0.309,-0.02
269,Gorman, Nolan,669357,2022,313,180,0.226,0.239,-0.0129999999999999,0.42,0.476,-0.0559999999999999,0.316,0.341,-0.025
270,Newman, Kevin,621028,2022,309,243,0.274,0.26,0.014,0.372,0.332,0.0399999999999999,0.303,0.285,0.018
271,Barnhart, Tucker,571466,2022,308,208,0.221,0.201,0.0199999999999999,0.267,0.264,0.003,0.253,0.244,0.009
272,Soler, Jorge,624585,2022,305,181,0.207,0.226,-0.019,0.4,0.421,-0.0209999999999999,0.305,0.322,-0.017
273,Solano, Donovan,456781,2022,303,219,0.284,0.268,0.0159999999999999,0.385,0.393,-0.008,0.319,0.315,0.004
274,Biggio, Cavan,624415,2022,303,174,0.202,0.193,0.009,0.35,0.319,0.0309999999999999,0.302,0.288,0.014
275,Abrams, CJ,682928,2022,302,238,0.246,0.241,0.005,0.324,0.316,0.008,0.267,0.266,0.001
276,Mejía, Francisco,642336,2022,299,225,0.242,0.242,0.0,0.381,0.329,0.0519999999999999,0.279,0.262,0.017
277,Arroyo, Christian,624414,2022,298,235,0.286,0.292,-0.006,0.414,0.43,-0.016,0.319,0.33,-0.011
278,Pasquantino, Vinnie,686469,2022,297,226,0.295,0.289,0.006,0.45,0.476,-0.0259999999999999,0.365,0.374,-0.009
279,Longoria, Evan,446334,2022,296,186,0.244,0.233,0.0109999999999999,0.451,0.437,0.014,0.33,0.324,0.006
280,Belt, Brandon,474832,2022,296,174,0.213,0.214,-0.001,0.35,0.406,-0.056,0.303,0.323,-0.02
281,Dickerson, Corey,572816,2022,296,235,0.267,0.263,0.004,0.399,0.371,0.028,0.303,0.292,0.011
282,Narváez, Omar,553882,2022,295,207,0.206,0.207,-0.001,0.305,0.293,0.012,0.269,0.268,0.001
283,Gomes, Yan,543228,2022,293,235,0.235,0.251,-0.016,0.365,0.379,-0.014,0.271,0.287,-0.0159999999999999
284,Neuse, Sheldon,641914,2022,293,191,0.214,0.208,0.006,0.288,0.286,0.002,0.253,0.251,0.002
285,Knizner, Andrew,668800,2022,293,199,0.215,0.219,-0.004,0.3,0.306,-0.006,0.275,0.28,-0.005
286,Schwindel, Frank,643524,2022,291,215,0.229,0.23,-0.001,0.358,0.351,0.007,0.278,0.278,0.0
287,Bart, Joey,663698,2022,291,149,0.215,0.208,0.007,0.364,0.367,-0.003,0.294,0.294,0.0
288,Rivas, Alfonso,663845,2022,286,167,0.235,0.219,0.0159999999999999,0.307,0.308,-0.001,0.285,0.281,0.0039999999999999
289,Adell, Jo,666176,2022,285,162,0.224,0.201,0.0229999999999999,0.373,0.315,0.0579999999999999,0.278,0.251,0.027
290,Moustakas, Mike,519058,2022,285,180,0.214,0.195,0.0189999999999999,0.345,0.307,0.0379999999999999,0.286,0.27,0.0159999999999999
291,Myers, Wil,571976,2022,285,178,0.261,0.225,0.036,0.398,0.373,0.025,0.311,0.288,0.023
292,Castillo, Diego,660636,2022,282,191,0.206,0.224,-0.018,0.382,0.389,-0.007,0.272,0.292,-0.0199999999999999
293,Isbel, Kyle,664728,2022,278,184,0.211,0.22,-0.009,0.34,0.323,0.017,0.265,0.266,-0.001
294,Castro, Rodolfo,666801,2022,277,180,0.233,0.21,0.023,0.427,0.354,0.073,0.314,0.28,0.0339999999999999
295,Smith, Pavin,656976,2022,276,181,0.22,0.216,0.004,0.367,0.379,-0.012,0.294,0.304,-0.01
296,Aquino, Aristides,606157,2022,276,158,0.197,0.18,0.017,0.363,0.317,0.0459999999999999,0.267,0.243,0.024
297,Brantley, Michael,488726,2022,275,215,0.288,0.31,-0.022,0.416,0.467,-0.051,0.345,0.374,-0.029
298,McGuire, Reese,624512,2022,274,202,0.269,0.233,0.036,0.369,0.326,0.0429999999999999,0.297,0.267,0.0299999999999999
299,Alfaro, Jorge,595751,2022,274,161,0.246,0.238,0.008,0.383,0.397,-0.014,0.291,0.295,-0.004
300,Yepez, Juan,660766,2022,274,196,0.253,0.216,0.037,0.447,0.394,0.0529999999999999,0.319,0.286,0.033
301,Cordero, Franchy,614173,2022,274,154,0.219,0.228,-0.009,0.397,0.402,-0.005,0.304,0.313,-0.009
302,Reynolds, Matt,608703,2022,272,167,0.246,0.215,0.031,0.332,0.305,0.027,0.293,0.272,0.0209999999999999
303,Molina, Yadier,425877,2022,270,223,0.214,0.23,-0.016,0.302,0.328,-0.026,0.235,0.254,-0.019
304,Rosario, Eddie,592696,2022,270,185,0.212,0.2,0.0119999999999999,0.328,0.318,0.01,0.258,0.25,0.008
305,Albies, Ozzie,645277,2022,269,204,0.247,0.239,0.008,0.409,0.387,0.0219999999999999,0.305,0.297,0.008
306,Lowe, Brandon,664040,2022,266,175,0.221,0.237,-0.0159999999999999,0.383,0.401,-0.018,0.306,0.32,-0.014
307,Hiura, Keston,669374,2022,266,124,0.226,0.205,0.021,0.449,0.425,0.024,0.334,0.317,0.017
308,Dubón, Mauricio,643289,2022,265,221,0.214,0.24,-0.0259999999999999,0.313,0.331,-0.018,0.248,0.272,-0.024
309,Pache, Cristian,665506,2022,260,174,0.166,0.226,-0.06,0.241,0.291,-0.0499999999999999,0.207,0.256,-0.049
310,Engel, Adam,641553,2022,259,169,0.224,0.219,0.005,0.31,0.287,0.023,0.256,0.246,0.01
311,Friedl, TJ,670770,2022,258,191,0.24,0.215,0.0249999999999999,0.436,0.335,0.1009999999999999,0.323,0.283,0.04
312,Thompson, Trayce,572204,2022,255,128,0.256,0.251,0.005,0.507,0.496,0.011,0.37,0.366,0.004
313,Machín, Vimael,605353,2022,253,179,0.22,0.243,-0.0229999999999999,0.287,0.343,-0.056,0.268,0.301,-0.0329999999999999
314,Moore, Dylan,664238,2022,253,132,0.224,0.202,0.0219999999999999,0.385,0.36,0.025,0.338,0.322,0.016
315,Smith, Josh H.,669701,2022,253,168,0.197,0.224,-0.0269999999999999,0.249,0.313,-0.064,0.262,0.296,-0.0339999999999999
316,Wade Jr., LaMonte,664774,2022,251,169,0.207,0.221,-0.014,0.359,0.407,-0.0479999999999999,0.298,0.321,-0.023
317,Higashioka, Kyle,543309,2022,248,183,0.227,0.254,-0.0269999999999999,0.389,0.444,-0.0549999999999999,0.282,0.317,-0.035
318,Jansen, Danny,643376,2022,247,176,0.26,0.264,-0.004,0.516,0.514,0.002,0.364,0.368,-0.004
319,Duffy, Matt,622110,2022,247,178,0.25,0.234,0.0159999999999999,0.311,0.333,-0.022,0.279,0.28,-0.001
320,Fraley, Jake,641584,2022,246,164,0.259,0.248,0.011,0.468,0.417,0.051,0.352,0.333,0.0189999999999999
321,Haniger, Mitch,571745,2022,246,161,0.246,0.245,0.001,0.429,0.45,-0.021,0.319,0.328,-0.009
322,Miller, Brad,543543,2022,241,153,0.212,0.205,0.007,0.32,0.344,-0.0239999999999999,0.263,0.269,-0.006
323,Chisholm Jr., Jazz,665862,2022,241,150,0.254,0.242,0.012,0.535,0.473,0.062,0.365,0.345,0.02
324,Fortes, Nick,663743,2022,240,172,0.23,0.249,-0.0189999999999999,0.392,0.398,-0.006,0.308,0.319,-0.011
325,Bleday, JJ,668709,2022,238,139,0.167,0.19,-0.0229999999999999,0.309,0.315,-0.006,0.266,0.28,-0.014
326,Meneses, Joey,608841,2022,238,172,0.324,0.267,0.0569999999999999,0.563,0.457,0.1059999999999999,0.395,0.332,0.063
327,DeJong, Paul,657557,2022,237,133,0.157,0.182,-0.0249999999999999,0.286,0.327,-0.041,0.241,0.267,-0.026
328,Jeffers, Ryan,680777,2022,236,151,0.208,0.218,-0.01,0.363,0.424,-0.061,0.287,0.315,-0.028
329,Almora Jr., Albert,546991,2022,235,171,0.223,0.233,-0.01,0.349,0.307,0.0419999999999999,0.279,0.27,0.009
330,Arcia, Orlando,606115,2022,234,160,0.244,0.253,-0.009,0.416,0.421,-0.005,0.321,0.329,-0.008
331,Luplow, Jordan,656669,2022,233,146,0.176,0.198,-0.022,0.361,0.351,0.01,0.281,0.288,-0.0069999999999999
332,Mitchell, Cal,668751,2022,232,162,0.226,0.238,-0.0119999999999999,0.349,0.358,-0.009,0.281,0.292,-0.0109999999999999
333,Gregorius, Didi,544369,2022,232,180,0.21,0.237,-0.0269999999999999,0.304,0.327,-0.023,0.251,0.275,-0.024
334,Higgins, P.J.,664731,2022,229,147,0.229,0.205,0.024,0.383,0.287,0.096,0.306,0.264,0.0419999999999999
335,Madrigal, Nick,663611,2022,228,184,0.249,0.256,-0.007,0.282,0.311,-0.029,0.267,0.283,-0.0159999999999999
336,Fletcher, David,664058,2022,228,202,0.255,0.285,-0.0299999999999999,0.333,0.344,-0.0109999999999999,0.275,0.295,-0.0199999999999999
337,Hampson, Garrett,641658,2022,226,141,0.211,0.202,0.0089999999999999,0.307,0.29,0.017,0.267,0.261,0.006
338,Phillips, Brett,621433,2022,225,112,0.144,0.156,-0.012,0.249,0.244,0.005,0.213,0.22,-0.007
339,Baddoo, Akil,668731,2022,225,137,0.204,0.192,0.0119999999999999,0.269,0.27,-0.001,0.256,0.253,0.003
340,Alcántara, Sergio,642727,2022,224,154,0.22,0.209,0.011,0.356,0.291,0.065,0.269,0.244,0.025
341,Duran, Jarren,680776,2022,223,142,0.221,0.219,0.002,0.363,0.353,0.01,0.284,0.282,0.002
342,Vargas, Ildemaro,545121,2022,222,188,0.263,0.227,0.036,0.392,0.305,0.087,0.302,0.255,0.0469999999999999
343,Kiermaier, Kevin,595281,2022,221,145,0.228,0.25,-0.0219999999999999,0.369,0.388,-0.019,0.286,0.305,-0.019
344,Chirinos, Robinson,455139,2022,220,130,0.179,0.168,0.0109999999999999,0.287,0.281,0.0059999999999999,0.251,0.245,0.006
345,Villar, Jonathan,542340,2022,220,146,0.208,0.208,0.0,0.302,0.283,0.019,0.25,0.247,0.003
346,Duran, Ezequiel,677649,2022,220,154,0.236,0.216,0.0199999999999999,0.365,0.317,0.0479999999999999,0.282,0.256,0.0259999999999999
347,Azocar, José,640492,2022,216,160,0.257,0.241,0.016,0.332,0.317,0.015,0.278,0.272,0.006
348,Garver, Mitch,641598,2022,215,137,0.207,0.222,-0.015,0.404,0.405,-0.001,0.308,0.319,-0.011
349,Barnes, Austin,605131,2022,212,145,0.212,0.21,0.002,0.38,0.329,0.0509999999999999,0.315,0.298,0.017
350,Gonzalez, Marwin,503556,2022,207,135,0.185,0.217,-0.032,0.321,0.345,-0.0239999999999999,0.257,0.282,-0.0249999999999999
351,Maile, Luke,571912,2022,206,130,0.221,0.194,0.0269999999999999,0.326,0.301,0.025,0.281,0.263,0.018
352,Velázquez, Nelson,676369,2022,206,120,0.205,0.209,-0.004,0.373,0.399,-0.026,0.291,0.305,-0.014
353,Zavala, Seby,664874,2022,205,119,0.27,0.207,0.063,0.382,0.326,0.0559999999999999,0.323,0.283,0.04
354,Serven, Brian,661531,2022,205,146,0.203,0.212,-0.0089999999999999,0.332,0.291,0.041,0.263,0.254,0.009
355,Hummel, Cooper,669450,2022,201,113,0.176,0.21,-0.034,0.307,0.332,-0.025,0.262,0.292,-0.0299999999999999
356,Hilliard, Sam,656541,2022,200,119,0.184,0.216,-0.032,0.264,0.361,-0.0969999999999999,0.251,0.303,-0.0519999999999999
357,Haggerty, Sam,664059,2022,198,126,0.256,0.23,0.0259999999999999,0.403,0.33,0.073,0.32,0.285,0.035
358,Herrera, Odúbel,546318,2022,197,144,0.238,0.225,0.0129999999999999,0.378,0.348,0.03,0.287,0.272,0.0149999999999999
359,Lowe, Josh,666139,2022,197,116,0.221,0.212,0.009,0.343,0.339,0.004,0.276,0.272,0.004
360,La Stella, Tommy,600303,2022,195,153,0.239,0.232,0.0069999999999999,0.35,0.329,0.0209999999999999,0.277,0.267,0.01
361,Massey, Michael,686681,2022,194,131,0.243,0.243,0.0,0.376,0.45,-0.074,0.302,0.332,-0.03
362,Rendon, Anthony,543685,2022,193,133,0.229,0.241,-0.0119999999999999,0.38,0.392,-0.012,0.314,0.331,-0.017
363,Tsutsugo, Yoshi,660294,2022,193,124,0.171,0.197,-0.0259999999999999,0.229,0.285,-0.0559999999999999,0.221,0.254,-0.033
364,VanMeter, Josh,642165,2022,192,128,0.187,0.224,-0.037,0.292,0.341,-0.049,0.251,0.288,-0.0369999999999999
365,Vogt, Stephen,519390,2022,191,126,0.161,0.211,-0.0499999999999999,0.321,0.35,-0.0289999999999999,0.249,0.282,-0.0329999999999999
366,McCann, James,543510,2022,191,130,0.195,0.242,-0.0469999999999999,0.282,0.418,-0.136,0.243,0.314,-0.071
367,Chang, Yu,644374,2022,190,111,0.208,0.213,-0.005,0.315,0.357,-0.0419999999999999,0.273,0.29,-0.0169999999999999
368,Sosa, Edmundo,624641,2022,190,128,0.227,0.244,-0.0169999999999999,0.369,0.35,0.019,0.282,0.286,-0.004
369,Bride, Jonah,681146,2022,187,132,0.204,0.217,-0.013,0.247,0.3,-0.0529999999999999,0.257,0.282,-0.0249999999999999
370,Plawecki, Kevin,608700,2022,186,138,0.22,0.228,-0.008,0.286,0.299,-0.013,0.259,0.268,-0.009
371,McKinstry, Zach,656716,2022,185,116,0.199,0.229,-0.03,0.361,0.342,0.0189999999999999,0.28,0.288,-0.0079999999999999
372,Montero, Elehuris,660707,2022,185,116,0.233,0.213,0.02,0.432,0.338,0.0939999999999999,0.303,0.26,0.0429999999999999
373,Lowrie, Jed,476704,2022,184,130,0.18,0.197,-0.017,0.263,0.281,-0.018,0.23,0.247,-0.0169999999999999
374,Nevin, Tyler,663527,2022,184,114,0.197,0.214,-0.0169999999999999,0.261,0.326,-0.065,0.261,0.293,-0.0319999999999999
375,Stephenson, Tyler,663886,2022,183,121,0.319,0.26,0.059,0.482,0.394,0.0879999999999999,0.37,0.318,0.0519999999999999
376,Burger, Jake,669394,2022,182,114,0.25,0.225,0.0249999999999999,0.458,0.46,-0.002,0.327,0.318,0.009
377,Pratto, Nick,668472,2022,182,96,0.184,0.173,0.011,0.386,0.322,0.064,0.287,0.267,0.0199999999999999
378,Kelenic, Jarred,672284,2022,181,103,0.141,0.172,-0.031,0.313,0.351,-0.0379999999999999,0.238,0.269,-0.031
379,Villar, David,681584,2022,181,99,0.231,0.189,0.042,0.455,0.327,0.128,0.344,0.285,0.059
380,Thompson, Bubba,669352,2022,181,116,0.265,0.171,0.094,0.312,0.235,0.077,0.274,0.203,0.071
381,Bryant, Kris,592178,2022,181,135,0.306,0.279,0.0269999999999999,0.475,0.426,0.0489999999999999,0.37,0.344,0.026
382,Larnach, Trevor,663616,2022,179,105,0.231,0.227,0.004,0.406,0.442,-0.0359999999999999,0.309,0.322,-0.013
383,Clement, Ernie,676391,2022,179,140,0.184,0.235,-0.0509999999999999,0.209,0.328,-0.119,0.209,0.277,-0.068
384,Wynns, Austin,642851,2022,177,126,0.259,0.223,0.036,0.358,0.318,0.0399999999999999,0.298,0.267,0.0309999999999999
385,Cave, Jake,595909,2022,177,117,0.213,0.213,0.0,0.384,0.395,-0.011,0.278,0.285,-0.0069999999999999
386,Marcano, Tucupita,672779,2022,177,122,0.206,0.176,0.03,0.306,0.243,0.063,0.249,0.213,0.036
387,Refsnyder, Rob,608701,2022,177,110,0.307,0.286,0.021,0.497,0.472,0.025,0.381,0.374,0.007
388,Casali, Curt,592200,2022,176,100,0.203,0.189,0.014,0.331,0.325,0.006,0.295,0.289,0.006
389,Díaz, Lewin,650331,2022,174,108,0.169,0.167,0.002,0.287,0.262,0.0249999999999999,0.228,0.219,0.009
390,Barrero, Jose,676480,2022,174,89,0.152,0.14,0.0119999999999999,0.206,0.211,-0.005,0.183,0.18,0.003
391,Heineman, Tyler,623168,2022,174,144,0.217,0.248,-0.031,0.268,0.293,-0.0249999999999999,0.248,0.273,-0.025
392,Olivares, Edward,658668,2022,174,126,0.286,0.288,-0.002,0.41,0.433,-0.023,0.326,0.339,-0.013
393,McKenna, Ryan,663630,2022,171,104,0.237,0.209,0.0279999999999999,0.34,0.331,0.009,0.279,0.266,0.013
394,Mazara, Nomar,608577,2022,171,119,0.264,0.25,0.014,0.352,0.357,-0.005,0.297,0.294,0.003
395,Cabrera, Oswaldo,665828,2022,171,112,0.247,0.22,0.0269999999999999,0.429,0.361,0.068,0.322,0.287,0.035
396,Leblanc, Charles,641779,2022,169,103,0.263,0.218,0.045,0.404,0.368,0.036,0.318,0.285,0.033
397,Delay, Jason,641511,2022,167,106,0.213,0.2,0.0129999999999999,0.271,0.251,0.02,0.243,0.23,0.0129999999999999
398,Torrens, Luis,620443,2022,166,103,0.225,0.236,-0.0109999999999999,0.298,0.333,-0.035,0.261,0.284,-0.0229999999999999
399,Camargo, Johan,622666,2022,166,116,0.237,0.225,0.0119999999999999,0.316,0.309,0.007,0.276,0.267,0.009
400,Wade, Tyler,642180,2022,163,119,0.218,0.212,0.006,0.272,0.278,-0.006,0.247,0.248,-0.001
401,Bruján, Vidal,660644,2022,162,112,0.163,0.189,-0.0259999999999999,0.259,0.256,0.003,0.22,0.236,-0.0159999999999999
402,Garlick, Kyle,664247,2022,162,103,0.233,0.227,0.006,0.433,0.423,0.01,0.311,0.305,0.006
403,Meyers, Jake,676694,2022,160,97,0.227,0.205,0.022,0.313,0.292,0.021,0.258,0.251,0.007
404,Brosseau, Mike,670712,2022,160,93,0.255,0.213,0.042,0.418,0.359,0.059,0.338,0.3,0.038
405,Alberto, Hanser,593643,2022,159,131,0.244,0.216,0.0279999999999999,0.365,0.304,0.061,0.27,0.234,0.036
406,Suzuki, Kurt,435559,2022,159,113,0.18,0.191,-0.011,0.295,0.281,0.0139999999999999,0.254,0.255,-0.001
407,Cain, Lorenzo,456715,2022,156,110,0.179,0.2,-0.021,0.234,0.253,-0.0189999999999999,0.212,0.23,-0.018
408,Kirilloff, Alex,666135,2022,156,110,0.25,0.232,0.0179999999999999,0.361,0.369,-0.008,0.286,0.282,0.004
409,Lopez, Alejo,664670,2022,155,124,0.262,0.249,0.013,0.331,0.329,0.002,0.286,0.28,0.0059999999999999
410,Grissom, Vaughn,687093,2022,155,108,0.291,0.259,0.0319999999999999,0.44,0.412,0.028,0.345,0.326,0.0189999999999999
411,Adams, Riley,656180,2022,155,96,0.176,0.2,-0.024,0.31,0.354,-0.0439999999999999,0.249,0.276,-0.027
412,Langeliers, Shea,669127,2022,153,91,0.218,0.2,0.0179999999999999,0.43,0.345,0.085,0.296,0.261,0.0349999999999999
413,Carpenter, Matt,572761,2022,153,95,0.305,0.231,0.0739999999999999,0.727,0.485,0.242,0.472,0.362,0.1099999999999999
414,Smith, Dominic,642086,2022,152,99,0.194,0.216,-0.0219999999999999,0.284,0.359,-0.075,0.254,0.291,-0.0369999999999999
415,Heyward, Jason,518792,2022,151,105,0.204,0.218,-0.014,0.277,0.322,-0.0449999999999999,0.253,0.278,-0.025
416,Smith, Kevin,675656,2022,151,102,0.18,0.189,-0.009,0.302,0.322,-0.02,0.226,0.239,-0.0129999999999999
417,Ford, Mike,645801,2022,149,91,0.206,0.21,-0.004,0.313,0.302,0.011,0.28,0.278,0.002
418,Meadows, Austin,640457,2022,147,111,0.25,0.308,-0.0579999999999999,0.328,0.46,-0.132,0.307,0.38,-0.073
419,O'Hearn, Ryan,656811,2022,145,100,0.239,0.271,-0.032,0.321,0.425,-0.1039999999999999,0.272,0.327,-0.0549999999999999
420,Hall, Darick,669742,2022,142,92,0.25,0.232,0.0179999999999999,0.522,0.462,0.06,0.343,0.312,0.031
421,Andújar, Miguel,609280,2022,140,108,0.235,0.253,-0.018,0.311,0.351,-0.0399999999999999,0.247,0.281,-0.034
422,Piscotty, Stephen,572039,2022,138,80,0.19,0.216,-0.0259999999999999,0.341,0.353,-0.0119999999999999,0.258,0.275,-0.017
423,Romine, Austin,519222,2022,136,85,0.155,0.159,-0.004,0.248,0.248,0.0,0.193,0.195,-0.002
424,Williams, Luke,663897,2022,135,83,0.236,0.198,0.0379999999999999,0.315,0.272,0.0429999999999999,0.265,0.233,0.032
425,Allen, Greg,656185,2022,134,80,0.186,0.176,0.01,0.271,0.246,0.025,0.242,0.229,0.0129999999999999
426,Perez, Michael,605421,2022,132,90,0.149,0.205,-0.0559999999999999,0.298,0.359,-0.061,0.228,0.276,-0.048
427,Huff, Sam,669087,2022,131,79,0.24,0.226,0.0139999999999999,0.372,0.385,-0.013,0.296,0.294,0.002
428,Henderson, Gunnar,683002,2022,131,82,0.259,0.25,0.009,0.44,0.432,0.008,0.343,0.338,0.005
429,Escobar, Alcides,444876,2022,131,92,0.218,0.21,0.008,0.282,0.264,0.0179999999999999,0.242,0.233,0.0089999999999999
430,Call, Alex,669743,2022,131,84,0.237,0.209,0.0279999999999999,0.412,0.29,0.122,0.332,0.279,0.0529999999999999
431,Moran, Colin,592567,2022,128,82,0.211,0.233,-0.022,0.376,0.383,-0.007,0.3,0.318,-0.018
432,Ibáñez, Andy,628451,2022,128,98,0.218,0.214,0.004,0.277,0.344,-0.0669999999999999,0.249,0.272,-0.023
433,Mercado, Oscar,640458,2022,128,93,0.207,0.203,0.0039999999999999,0.372,0.35,0.022,0.266,0.258,0.008
434,Clemens, Kody,665019,2022,127,86,0.145,0.193,-0.048,0.308,0.325,-0.017,0.22,0.249,-0.0289999999999999
435,Bote, David,623520,2022,127,72,0.259,0.233,0.0259999999999999,0.431,0.354,0.077,0.325,0.289,0.036
436,Trejo, Alan,676701,2022,125,87,0.271,0.242,0.029,0.424,0.375,0.0489999999999999,0.321,0.291,0.03
437,Garcia, Dermis,660650,2022,125,61,0.207,0.167,0.0399999999999999,0.388,0.324,0.064,0.285,0.244,0.0409999999999999
438,Beer, Seth,666179,2022,125,81,0.189,0.215,-0.0259999999999999,0.243,0.315,-0.072,0.239,0.276,-0.037
439,Culberson, Charlie,518586,2022,124,88,0.252,0.226,0.0259999999999999,0.357,0.303,0.0539999999999999,0.281,0.251,0.03
440,Herrera, Jose,645444,2022,124,81,0.189,0.152,0.037,0.207,0.18,0.0269999999999999,0.213,0.186,0.0269999999999999
441,Madris, Bligh,676632,2022,123,82,0.177,0.211,-0.034,0.265,0.309,-0.0439999999999999,0.231,0.262,-0.031
442,Zunino, Mike,572287,2022,123,70,0.148,0.182,-0.034,0.304,0.329,-0.025,0.219,0.252,-0.033
443,Eaton, Nate,681987,2022,122,80,0.264,0.233,0.031,0.387,0.352,0.035,0.313,0.297,0.016
444,Palacios, Richie,680700,2022,122,93,0.232,0.244,-0.0119999999999999,0.286,0.31,-0.024,0.258,0.277,-0.019
445,Stubbs, Garrett,596117,2022,121,77,0.264,0.207,0.057,0.462,0.299,0.163,0.355,0.275,0.0799999999999999
446,Toglia, Michael,669911,2022,120,67,0.216,0.218,-0.002,0.378,0.305,0.073,0.285,0.261,0.0239999999999999
447,White, Eli,642201,2022,117,65,0.2,0.183,0.017,0.305,0.293,0.012,0.26,0.255,0.005
448,Trammell, Taylor,666211,2022,117,71,0.196,0.206,-0.0099999999999999,0.402,0.357,0.045,0.3,0.292,0.008
449,Zimmer, Bradley,605548,2022,117,61,0.124,0.138,-0.014,0.229,0.268,-0.039,0.203,0.225,-0.0219999999999999
450,Bolt, Skye,621450,2022,116,77,0.198,0.194,0.004,0.33,0.321,0.009,0.261,0.258,0.003
451,Carroll, Corbin,682998,2022,115,73,0.26,0.221,0.039,0.5,0.359,0.141,0.358,0.293,0.065
452,Garcia, Aramis,605244,2022,115,76,0.213,0.212,0.001,0.259,0.314,-0.0549999999999999,0.228,0.247,-0.0189999999999999
453,Carpenter, Kerry,681481,2022,113,72,0.252,0.209,0.043,0.485,0.394,0.0909999999999999,0.342,0.292,0.05
454,Moniak, Mickey,666160,2022,112,63,0.17,0.155,0.015,0.302,0.262,0.0399999999999999,0.223,0.203,0.0199999999999999
455,Lamb, Jake,571875,2022,111,59,0.216,0.215,0.001,0.392,0.39,0.002,0.314,0.314,0.0
456,Adrianza, Ehire,501303,2022,110,73,0.175,0.222,-0.047,0.206,0.288,-0.0819999999999999,0.222,0.274,-0.052
457,Vosler, Jason,613564,2022,110,70,0.265,0.244,0.021,0.469,0.376,0.0929999999999999,0.349,0.312,0.0369999999999999
458,Fairchild, Stuart,656413,2022,110,63,0.247,0.221,0.0259999999999999,0.464,0.396,0.068,0.35,0.317,0.0329999999999999
459,Gonzalez, Romy,663853,2022,109,67,0.238,0.228,0.0099999999999999,0.352,0.359,-0.007,0.264,0.265,-0.001
460,Waters, Drew,671221,2022,109,56,0.24,0.195,0.0449999999999999,0.479,0.376,0.1029999999999999,0.347,0.293,0.0539999999999999
461,Collins, Zack,641470,2022,108,57,0.155,0.181,-0.0259999999999999,0.32,0.317,0.003,0.245,0.257,-0.012
462,Steer, Spencer,668715,2022,108,69,0.211,0.206,0.005,0.326,0.304,0.022,0.287,0.278,0.0089999999999999
463,Mendick, Danny,664901,2022,106,75,0.289,0.229,0.0599999999999999,0.443,0.327,0.1159999999999999,0.344,0.273,0.0709999999999999
464,Canó, Robinson,429664,2022,104,75,0.15,0.211,-0.061,0.19,0.301,-0.1109999999999999,0.169,0.239,-0.0699999999999999
465,Papierski, Michael,657709,2022,103,67,0.143,0.171,-0.028,0.187,0.204,-0.0169999999999999,0.197,0.217,-0.0199999999999999
466,Vavra, Terrin,679631,2022,103,72,0.258,0.264,-0.006,0.337,0.353,-0.0159999999999999,0.303,0.318,-0.015
467,Burdick, Peyton,680814,2022,102,57,0.207,0.205,0.002,0.38,0.387,-0.007,0.294,0.296,-0.002
468,Jung, Josh,673962,2022,102,59,0.204,0.225,-0.021,0.418,0.403,0.0149999999999999,0.28,0.287,-0.0069999999999999
469,Stowers, Kyle,669065,2022,98,62,0.253,0.266,-0.013,0.418,0.447,-0.029,0.316,0.335,-0.019
470,Bouchard, Sean,656248,2022,97,50,0.297,0.244,0.0529999999999999,0.5,0.349,0.151,0.417,0.36,0.0569999999999999
471,Demeritte, Travis,641513,2022,96,58,0.213,0.211,0.002,0.337,0.333,0.004,0.263,0.263,0.0
472,Sierra, Magneuris,642423,2022,96,67,0.165,0.197,-0.032,0.242,0.234,0.0079999999999999,0.195,0.212,-0.0169999999999999
473,Casas, Triston,671213,2022,95,53,0.197,0.193,0.004,0.408,0.356,0.0519999999999999,0.344,0.325,0.0189999999999999
474,Solak, Nick,669256,2022,95,64,0.207,0.242,-0.035,0.329,0.409,-0.0799999999999999,0.291,0.335,-0.044
475,Kennedy, Buddy,671083,2022,94,62,0.217,0.196,0.0209999999999999,0.325,0.28,0.0449999999999999,0.271,0.255,0.016
476,Jones, Nolan,666134,2022,93,55,0.244,0.254,-0.01,0.372,0.436,-0.064,0.297,0.325,-0.028
477,Hill, Derek,656537,2022,92,59,0.229,0.193,0.036,0.289,0.242,0.0469999999999999,0.249,0.23,0.0189999999999999
478,Mathias, Mark,664029,2022,91,52,0.247,0.214,0.033,0.506,0.384,0.122,0.353,0.298,0.0549999999999999
479,Davis, Jonathan,641505,2022,91,51,0.224,0.218,0.006,0.237,0.262,-0.025,0.278,0.284,-0.0059999999999999
480,Ríos, Edwin,621458,2022,91,50,0.244,0.225,0.0189999999999999,0.5,0.457,0.0429999999999999,0.338,0.312,0.026
481,Castro, Jason,488771,2022,88,39,0.115,0.161,-0.046,0.179,0.28,-0.101,0.183,0.239,-0.0559999999999999
482,Quinn, Roman,596451,2022,87,43,0.215,0.188,0.0269999999999999,0.304,0.268,0.0359999999999999,0.266,0.244,0.022
483,Leon, Sandy,506702,2022,86,46,0.169,0.187,-0.0179999999999999,0.211,0.238,-0.0269999999999999,0.246,0.263,-0.017
484,Freeman, Tyler,671289,2022,86,67,0.247,0.229,0.0179999999999999,0.286,0.286,0.0,0.274,0.27,0.004
485,Aranda, Jonathan,666018,2022,86,55,0.192,0.205,-0.0129999999999999,0.321,0.348,-0.0269999999999999,0.264,0.279,-0.015
486,Maton, Nick,665155,2022,85,45,0.25,0.217,0.033,0.514,0.357,0.157,0.364,0.306,0.0579999999999999
487,Simmons, Andrelton,592743,2022,85,65,0.173,0.158,0.0149999999999999,0.187,0.189,-0.002,0.204,0.199,0.0049999999999999
488,Barrera, Luis,642456,2022,85,61,0.234,0.213,0.021,0.338,0.31,0.028,0.28,0.261,0.019
489,Kreidler, Ryan,668952,2022,84,55,0.178,0.211,-0.033,0.233,0.34,-0.107,0.218,0.273,-0.055
490,Garrett, Stone,656448,2022,84,50,0.276,0.198,0.078,0.539,0.369,0.17,0.36,0.268,0.0919999999999999
491,Pinto, René,650907,2022,83,45,0.212,0.187,0.0249999999999999,0.325,0.278,0.0469999999999999,0.249,0.219,0.03
492,Mercedes, Yermín,606213,2022,83,56,0.233,0.253,-0.0199999999999999,0.342,0.392,-0.0499999999999999,0.301,0.329,-0.028
493,Heredia, Guillermo,628338,2022,82,44,0.158,0.16,-0.002,0.342,0.289,0.053,0.246,0.228,0.0179999999999999
494,Encarnacion, Jerar,666464,2022,81,46,0.182,0.184,-0.002,0.338,0.296,0.042,0.236,0.231,0.0049999999999999
495,Marisnick, Jake,545350,2022,81,54,0.234,0.226,0.008,0.39,0.361,0.029,0.283,0.27,0.0129999999999999
496,Thaiss, Matt,642136,2022,80,46,0.217,0.212,0.005,0.319,0.325,-0.006,0.286,0.289,-0.003
497,Duggar, Steven,621453,2022,80,32,0.153,0.14,0.0129999999999999,0.222,0.237,-0.0149999999999999,0.205,0.213,-0.008
498,Walton, Donovan,622268,2022,78,60,0.158,0.191,-0.033,0.303,0.31,-0.007,0.208,0.228,-0.02
499,Gosselin, Phil,594838,2022,77,50,0.149,0.177,-0.0279999999999999,0.176,0.254,-0.078,0.163,0.207,-0.0439999999999999
500,Palacios, Jermaine,650339,2022,77,46,0.143,0.191,-0.048,0.229,0.313,-0.0839999999999999,0.184,0.237,-0.0529999999999999
501,Viloria, Meibrys,650619,2022,75,35,0.159,0.142,0.017,0.27,0.247,0.023,0.256,0.243,0.013
502,Mayfield, Jack,608686,2022,74,53,0.186,0.187,-0.001,0.271,0.257,0.014,0.224,0.221,0.003
503,Moreno, Gabriel,672515,2022,73,61,0.319,0.274,0.0449999999999999,0.377,0.362,0.015,0.326,0.299,0.027
504,Hermosillo, Michael,641684,2022,73,35,0.115,0.169,-0.054,0.148,0.247,-0.099,0.203,0.259,-0.0559999999999999
505,Raley, Luke,670042,2022,72,38,0.197,0.177,0.02,0.279,0.296,-0.0169999999999999,0.271,0.286,-0.0149999999999999
506,Mazeika, Patrick,664850,2022,72,61,0.191,0.188,0.003,0.294,0.284,0.01,0.222,0.218,0.004
507,Sanó, Miguel,593934,2022,71,36,0.083,0.167,-0.084,0.133,0.336,-0.203,0.176,0.302,-0.126
508,Stevenson, Cal,670276,2022,71,40,0.167,0.208,-0.0409999999999999,0.217,0.309,-0.092,0.224,0.277,-0.053
509,Matijevic, J.J.,656695,2022,71,42,0.209,0.213,-0.004,0.328,0.325,0.003,0.258,0.259,-0.001
510,Cameron, Daz,663662,2022,70,44,0.219,0.223,-0.004,0.344,0.401,-0.057,0.28,0.303,-0.0229999999999999
511,Stefanic, Michael,683021,2022,69,50,0.197,0.217,-0.0199999999999999,0.23,0.279,-0.049,0.239,0.266,-0.027
512,Pérez, Roberto,547379,2022,69,35,0.233,0.212,0.021,0.367,0.376,-0.009,0.315,0.308,0.007
513,Owings, Chris,572008,2022,68,33,0.107,0.145,-0.0379999999999999,0.143,0.199,-0.056,0.204,0.238,-0.034
514,Mitchell, Garrett,669003,2022,68,34,0.311,0.187,0.124,0.459,0.339,0.12,0.365,0.266,0.0989999999999999
515,Groshans, Jordan,677954,2022,65,48,0.262,0.234,0.0279999999999999,0.311,0.305,0.006,0.278,0.263,0.015
516,Jankowski, Travis,608671,2022,64,45,0.164,0.198,-0.034,0.164,0.23,-0.066,0.222,0.259,-0.037
517,Wallner, Matt,670242,2022,64,32,0.228,0.175,0.053,0.386,0.265,0.121,0.311,0.245,0.066
518,Tucker, Cole,657061,2022,63,38,0.175,0.183,-0.008,0.222,0.275,-0.053,0.172,0.198,-0.026
519,Lagares, Juan,501571,2022,62,45,0.183,0.216,-0.033,0.25,0.305,-0.0549999999999999,0.203,0.242,-0.0389999999999999
520,Calhoun, Willie,641432,2022,62,44,0.135,0.215,-0.0799999999999999,0.25,0.327,-0.077,0.249,0.309,-0.06
521,Lewis, Kyle,641786,2022,62,37,0.143,0.206,-0.063,0.304,0.4,-0.096,0.239,0.3,-0.061
522,Contreras, Mark,676628,2022,61,38,0.121,0.204,-0.0829999999999999,0.293,0.424,-0.131,0.189,0.304,-0.1149999999999999
523,Benson, Will,666181,2022,61,37,0.182,0.181,0.001,0.2,0.228,-0.0279999999999999,0.212,0.224,-0.012
524,Munoz, Yairo,622168,2022,60,47,0.211,0.226,-0.015,0.404,0.328,0.076,0.283,0.263,0.0199999999999999
525,Robinson, Chuckie,642020,2022,60,43,0.136,0.227,-0.091,0.271,0.375,-0.1039999999999999,0.173,0.26,-0.087
526,Park, Hoy,660829,2022,60,40,0.216,0.208,0.008,0.373,0.344,0.029,0.282,0.269,0.0129999999999999
527,Hager, Jake,606993,2022,59,34,0.24,0.165,0.0749999999999999,0.28,0.24,0.04,0.291,0.247,0.0439999999999999
528,Bemboom, Anthony,621532,2022,59,36,0.115,0.166,-0.051,0.212,0.252,-0.04,0.196,0.237,-0.0409999999999999
529,Capel, Conner,668843,2022,59,44,0.308,0.286,0.022,0.519,0.438,0.081,0.371,0.339,0.0319999999999999
530,Soto, Livan,670869,2022,59,44,0.4,0.281,0.119,0.582,0.334,0.2479999999999999,0.424,0.283,0.141
531,Strange-Gordon, Dee,543829,2022,59,51,0.305,0.22,0.0849999999999999,0.356,0.268,0.0879999999999999,0.288,0.213,0.0749999999999999
532,Peraza, Oswald,672724,2022,57,40,0.306,0.276,0.0299999999999999,0.429,0.374,0.0549999999999999,0.371,0.343,0.0279999999999999
533,Rojas, Jose,670351,2022,57,37,0.125,0.167,-0.042,0.161,0.231,-0.07,0.134,0.182,-0.0479999999999999
534,Upton, Justin,457708,2022,57,25,0.125,0.157,-0.032,0.208,0.218,-0.01,0.231,0.249,-0.0179999999999999
535,Arias, Gabriel,672356,2022,57,32,0.191,0.197,-0.006,0.319,0.296,0.023,0.294,0.29,0.004
536,MacKinnon, David,676950,2022,57,34,0.14,0.208,-0.0679999999999999,0.14,0.28,-0.14,0.181,0.259,-0.078
537,Wong, Connor,657136,2022,56,34,0.188,0.184,0.004,0.313,0.367,-0.0539999999999999,0.263,0.281,-0.018
538,McKinney, Billy,641856,2022,56,37,0.096,0.15,-0.0539999999999999,0.173,0.242,-0.069,0.144,0.197,-0.053
539,Astudillo, Willians,553902,2022,55,51,0.241,0.265,-0.024,0.296,0.315,-0.019,0.243,0.265,-0.022
540,Mondesi, Adalberto,609275,2022,54,30,0.14,0.166,-0.0259999999999999,0.14,0.231,-0.091,0.166,0.211,-0.0449999999999999
541,Ahmed, Nick,605113,2022,54,37,0.231,0.191,0.04,0.442,0.292,0.15,0.302,0.227,0.0749999999999999
542,Burleson, Alec,676475,2022,53,39,0.188,0.248,-0.06,0.271,0.415,-0.1439999999999999,0.245,0.322,-0.077
543,Barrera, Tres,668663,2022,53,35,0.18,0.167,0.0129999999999999,0.2,0.214,-0.0139999999999999,0.187,0.187,0.0
544,Diaz, Jordan,672478,2022,51,42,0.265,0.208,0.057,0.327,0.273,0.0539999999999999,0.275,0.229,0.046
545,Vargas, Miguel,678246,2022,50,35,0.17,0.205,-0.0349999999999999,0.255,0.338,-0.083,0.2,0.257,-0.0569999999999999
546,Campusano, Luis,669134,2022,50,38,0.25,0.23,0.0199999999999999,0.333,0.355,-0.0219999999999999,0.257,0.258,-0.001
547,Palacios, Josh,641943,2022,49,32,0.213,0.213,0.0,0.255,0.252,0.003,0.225,0.225,0.0
548,Gallagher, Cam,595956,2022,47,31,0.214,0.187,0.0269999999999999,0.333,0.242,0.091,0.265,0.22,0.045
549,Quiroz, Esteban,606019,2022,47,32,0.275,0.226,0.049,0.275,0.297,-0.0219999999999999,0.303,0.29,0.013
550,Beaty, Matt,607461,2022,47,35,0.093,0.199,-0.106,0.163,0.257,-0.094,0.158,0.243,-0.0849999999999999
551,Knapp, Andrew,595284,2022,46,28,0.128,0.185,-0.0569999999999999,0.154,0.247,-0.093,0.195,0.254,-0.059
552,Locastro, Tim,641796,2022,46,36,0.186,0.253,-0.067,0.349,0.416,-0.067,0.259,0.316,-0.0569999999999999
553,Goodrum, Niko,592348,2022,45,20,0.116,0.173,-0.0569999999999999,0.163,0.247,-0.0839999999999999,0.146,0.205,-0.059
554,Frazier, Clint,640449,2022,45,26,0.216,0.203,0.0129999999999999,0.297,0.292,0.005,0.305,0.3,0.005
555,Sanchez, Carlos,570560,2022,44,26,0.108,0.135,-0.027,0.108,0.179,-0.071,0.166,0.204,-0.0379999999999999
556,Brennan, Will,686823,2022,44,38,0.357,0.282,0.075,0.5,0.415,0.085,0.385,0.32,0.065
557,Murphy, Tom,608596,2022,42,20,0.303,0.29,0.013,0.455,0.536,-0.081,0.397,0.42,-0.0229999999999999
558,Baty, Brett,683146,2022,42,30,0.184,0.287,-0.1029999999999999,0.342,0.414,-0.0719999999999999,0.26,0.332,-0.072
559,Bernard, Wynton,592144,2022,42,34,0.286,0.236,0.0499999999999999,0.31,0.279,0.0309999999999999,0.262,0.226,0.036
560,Downs, Jeter,669023,2022,41,19,0.154,0.137,0.0169999999999999,0.256,0.181,0.075,0.184,0.153,0.031
561,Araúz, Jonathan,660620,2022,41,28,0.132,0.255,-0.123,0.211,0.385,-0.174,0.157,0.282,-0.1249999999999999
562,Vientos, Mark,668901,2022,41,24,0.167,0.187,-0.0199999999999999,0.278,0.329,-0.0509999999999999,0.252,0.28,-0.028
563,González, Erik,570481,2022,41,25,0.189,0.224,-0.035,0.216,0.268,-0.052,0.227,0.263,-0.036
564,Nuñez, Dom,624513,2022,41,25,0.121,0.156,-0.035,0.152,0.243,-0.091,0.196,0.245,-0.0489999999999999
565,Lewis, Royce,668904,2022,41,35,0.3,0.274,0.0259999999999999,0.55,0.445,0.105,0.37,0.319,0.0509999999999999
566,Wallach, Chad,595453,2022,40,27,0.143,0.243,-0.1,0.257,0.438,-0.181,0.224,0.332,-0.108
567,Brinson, Lewis,621446,2022,39,23,0.167,0.181,-0.0139999999999999,0.472,0.38,0.0919999999999999,0.289,0.264,0.0249999999999999
568,Davidson, Matt,571602,2022,37,21,0.147,0.188,-0.041,0.324,0.417,-0.0929999999999999,0.24,0.29,-0.0499999999999999
569,Bae, Ji Hwan,678225,2022,37,27,0.333,0.236,0.097,0.424,0.261,0.1629999999999999,0.37,0.273,0.0969999999999999
570,Almonte, Abraham,501659,2022,37,23,0.257,0.184,0.073,0.4,0.295,0.105,0.306,0.234,0.0719999999999999
571,Sosa, Lenyn,672820,2022,36,23,0.114,0.193,-0.079,0.229,0.346,-0.1169999999999999,0.161,0.243,-0.0819999999999999
572,Dickerson, Alex,543105,2022,36,24,0.121,0.221,-0.1,0.212,0.395,-0.183,0.189,0.297,-0.1079999999999999
573,Ruiz, Esteury,665923,2022,36,28,0.171,0.205,-0.0339999999999999,0.257,0.255,0.002,0.197,0.216,-0.0189999999999999
574,Rooker, Brent,667670,2022,36,21,0.125,0.183,-0.0579999999999999,0.156,0.306,-0.15,0.186,0.264,-0.078
575,Hernandez, Elier,609274,2022,35,19,0.182,0.168,0.0139999999999999,0.242,0.227,0.0149999999999999,0.193,0.183,0.01
576,Henry, Payton,668721,2022,35,20,0.143,0.187,-0.044,0.143,0.203,-0.06,0.241,0.279,-0.038
577,Florial, Estevan,664314,2022,35,18,0.097,0.149,-0.0519999999999999,0.097,0.256,-0.159,0.155,0.235,-0.0799999999999999
578,Tovar, Ezequiel,678662,2022,35,24,0.212,0.249,-0.037,0.333,0.39,-0.0569999999999999,0.261,0.3,-0.0389999999999999
579,Reks, Zach,676646,2022,34,24,0.265,0.223,0.042,0.294,0.309,-0.015,0.245,0.23,0.0149999999999999
580,Hensley, David,682073,2022,34,23,0.345,0.254,0.0909999999999999,0.586,0.432,0.1539999999999999,0.44,0.353,0.087
581,Padlo, Kevin,656821,2022,34,23,0.121,0.163,-0.042,0.152,0.21,-0.0579999999999999,0.135,0.177,-0.0419999999999999
582,Martin, Richie,621006,2022,33,20,0.167,0.185,-0.0179999999999999,0.3,0.268,0.0319999999999999,0.24,0.241,-0.001
583,Gutiérrez, Kelvin,642721,2022,33,20,0.143,0.199,-0.056,0.179,0.331,-0.152,0.208,0.284,-0.0759999999999999
584,Thomas, Cody,642137,2022,32,18,0.267,0.216,0.051,0.267,0.269,-0.002,0.264,0.24,0.024
585,Plummer, Nick,663911,2022,31,17,0.138,0.2,-0.062,0.379,0.396,-0.017,0.248,0.28,-0.032
586,Rivero, Sebastian,665861,2022,29,17,0.154,0.163,-0.009,0.154,0.263,-0.109,0.175,0.221,-0.046
587,Fox, Lucius,665650,2022,28,18,0.08,0.156,-0.076,0.08,0.211,-0.131,0.094,0.182,-0.088
588,Hernandez, Yonny,660634,2022,28,22,0.083,0.17,-0.087,0.083,0.201,-0.118,0.121,0.202,-0.081
589,Guthrie, Dalton,656495,2022,28,14,0.333,0.237,0.096,0.476,0.344,0.132,0.437,0.363,0.074
590,Schrock, Max,621011,2022,27,20,0.154,0.189,-0.035,0.154,0.237,-0.0829999999999999,0.156,0.203,-0.047
591,Davis, Jaylin,664041,2022,27,13,0.333,0.227,0.106,0.375,0.272,0.1029999999999999,0.352,0.272,0.0799999999999999
592,Alvarez, Eddy,657193,2022,27,18,0.16,0.191,-0.031,0.16,0.22,-0.06,0.136,0.179,-0.0429999999999999
593,Lee, Korey,686676,2022,26,16,0.16,0.105,0.055,0.24,0.126,0.1139999999999999,0.192,0.12,0.072
594,Aguilar, Ryan,666922,2022,26,9,0.136,0.132,0.004,0.182,0.202,-0.02,0.197,0.204,-0.0069999999999999
595,Beckham, Tim,542921,2022,25,16,0.08,0.186,-0.106,0.08,0.235,-0.1549999999999999,0.071,0.181,-0.11
596,DeLuzio, Ben,641512,2022,25,16,0.15,0.268,-0.118,0.2,0.312,-0.1119999999999999,0.242,0.33,-0.088
597,Haseley, Adam,656514,2022,25,15,0.238,0.219,0.0189999999999999,0.238,0.254,-0.016,0.27,0.266,0.004
598,Payton, Mark,592622,2022,25,17,0.143,0.157,-0.014,0.143,0.181,-0.038,0.216,0.236,-0.0199999999999999
599,Siani, Michael,672279,2022,24,17,0.167,0.163,0.004,0.167,0.206,-0.0389999999999999,0.147,0.16,-0.013
600,Hamilton, Caleb,643348,2022,23,5,0.056,0.069,-0.013,0.222,0.215,0.007,0.219,0.223,-0.004
601,Garcia, Maikel,672580,2022,23,17,0.318,0.229,0.089,0.364,0.274,0.0899999999999999,0.315,0.242,0.073
602,Hamilton, Billy,571740,2022,23,9,0.05,0.154,-0.104,0.05,0.174,-0.1239999999999999,0.103,0.196,-0.093
603,Batten, Matthew,676946,2022,22,13,0.105,0.193,-0.088,0.158,0.251,-0.093,0.193,0.262,-0.069
604,Herrera, Iván,671056,2022,22,12,0.111,0.113,-0.002,0.111,0.14,-0.029,0.15,0.164,-0.014
605,Ramos, Heliot,671218,2022,22,14,0.1,0.211,-0.1109999999999999,0.1,0.366,-0.266,0.143,0.29,-0.147
606,Godoy, José,608422,2022,22,11,0.05,0.11,-0.06,0.05,0.129,-0.079,0.103,0.158,-0.055
607,Young, Jared,676724,2022,22,12,0.263,0.234,0.0289999999999999,0.368,0.36,0.008,0.329,0.315,0.014
608,Proctor, Ford,665154,2022,22,17,0.111,0.22,-0.109,0.278,0.302,-0.0239999999999999,0.197,0.296,-0.0989999999999999
609,Kolozsvary, Mark,656627,2022,21,11,0.2,0.192,0.008,0.45,0.304,0.146,0.294,0.236,0.0579999999999999
610,Severino, Pedro,600474,2022,21,11,0.222,0.15,0.072,0.333,0.198,0.135,0.303,0.227,0.0759999999999999
611,Johnson, Bryce,669369,2022,19,11,0.111,0.163,-0.052,0.111,0.187,-0.076,0.129,0.181,-0.0519999999999999
612,Shaw, Travis,543768,2022,19,12,0.0,0.081,-0.081,0.0,0.11,-0.11,0.0,0.081,-0.081
613,Souza Jr., Steven,519306,2022,19,11,0.158,0.181,-0.0229999999999999,0.158,0.203,-0.045,0.14,0.169,-0.0289999999999999
614,Pérez, Carlos,656024,2022,18,16,0.222,0.228,-0.006,0.333,0.294,0.039,0.238,0.23,0.0079999999999999
615,Bradley, Bobby,656252,2022,17,8,0.118,0.147,-0.0289999999999999,0.118,0.185,-0.067,0.104,0.144,-0.0399999999999999
616,Mastrobuoni, Miles,670156,2022,17,10,0.188,0.16,0.0279999999999999,0.188,0.195,-0.007,0.196,0.186,0.01
617,Ellis, Drew,656403,2022,17,9,0.188,0.178,0.01,0.25,0.228,0.0219999999999999,0.219,0.205,0.014
618,Piña, Manny,444489,2022,17,14,0.143,0.192,-0.049,0.143,0.405,-0.262,0.187,0.298,-0.1109999999999999
619,Machado, Dixon,553988,2022,17,10,0.2,0.24,-0.0399999999999999,0.2,0.264,-0.064,0.239,0.281,-0.042
620,O'Hoppe, Logan,681351,2022,16,11,0.286,0.232,0.0539999999999999,0.286,0.292,-0.006,0.307,0.285,0.022
621,Allen, Austin,664119,2022,16,5,0.071,0.067,0.0039999999999999,0.071,0.108,-0.037,0.143,0.153,-0.01
622,Walker, Steele,667727,2022,16,10,0.071,0.219,-0.148,0.286,0.401,-0.115,0.216,0.317,-0.101
623,Outman, James,681546,2022,16,6,0.462,0.218,0.244,0.846,0.324,0.522,0.584,0.319,0.2649999999999999
624,Reyes, Pablo,622569,2022,16,13,0.267,0.16,0.107,0.267,0.186,0.081,0.264,0.187,0.077
625,Lavastida, Bryan,681526,2022,15,8,0.083,0.112,-0.0289999999999999,0.083,0.125,-0.0419999999999999,0.197,0.221,-0.0239999999999999
626,Bannon, Rylan,676625,2022,15,9,0.143,0.127,0.0159999999999999,0.143,0.181,-0.038,0.166,0.174,-0.0079999999999999
627,Thomas, Dillon,605504,2022,14,5,0.091,0.092,-0.001,0.091,0.105,-0.0139999999999999,0.213,0.217,-0.004
628,Dixon, Brandon,641525,2022,14,9,0.214,0.239,-0.0249999999999999,0.286,0.293,-0.007,0.216,0.234,-0.018
629,Harrison, Monte,656509,2022,14,3,0.182,0.121,0.061,0.455,0.272,0.183,0.361,0.282,0.079
630,Pineda, Israel,672832,2022,14,6,0.077,0.091,-0.0139999999999999,0.077,0.112,-0.035,0.112,0.131,-0.019
631,Álvarez, Francisco,682626,2022,14,8,0.167,0.252,-0.0849999999999999,0.5,0.654,-0.154,0.336,0.42,-0.0839999999999999
632,Short, Zack,670097,2022,13,6,0.0,0.112,-0.112,0.0,0.269,-0.269,0.106,0.232,-0.126
633,Okey, Chris,608360,2022,13,7,0.167,0.165,0.002,0.167,0.185,-0.0179999999999999,0.191,0.2,-0.009
634,Pillar, Kevin,607680,2022,13,8,0.083,0.192,-0.109,0.167,0.364,-0.1969999999999999,0.15,0.272,-0.122
635,Jackson, Alex,656577,2022,12,5,0.25,0.183,0.067,0.25,0.21,0.04,0.221,0.172,0.049
636,Katoh, Gosuke,641741,2022,11,7,0.143,0.215,-0.072,0.286,0.259,0.0269999999999999,0.333,0.351,-0.0179999999999999
637,Davis, Brendon,663478,2022,11,7,0.2,0.24,-0.0399999999999999,0.2,0.394,-0.194,0.223,0.311,-0.088
638,Dunand, Joe,656388,2022,11,7,0.3,0.131,0.1689999999999999,0.7,0.232,0.4679999999999999,0.449,0.205,0.244
639,Whitefield, Aaron,664334,2022,11,6,0.0,0.159,-0.159,0.0,0.285,-0.285,0.0,0.189,-0.189
640,Garneau, Dustin,572863,2022,11,6,0.3,0.243,0.0569999999999999,0.4,0.448,-0.0479999999999999,0.338,0.334,0.004
641,Lopes, Christian,547173,2022,10,4,0.0,0.173,-0.173,0.0,0.223,-0.223,0.069,0.222,-0.153
642,Krizan, Jason,607249,2022,10,5,0.125,0.151,-0.0259999999999999,0.125,0.174,-0.0489999999999999,0.226,0.251,-0.0249999999999999
643,Lopez, Otto,672640,2022,10,8,0.667,0.283,0.384,0.667,0.308,0.359,0.599,0.302,0.297
644,Crook, Narciso,643271,2022,9,6,0.25,0.246,0.004,0.375,0.381,-0.006,0.238,0.254,-0.016
645,Dean, Austin,621573,2022,9,8,0.375,0.285,0.09,0.375,0.319,0.0559999999999999,0.371,0.317,0.0539999999999999
646,Swaggerty, Travis,680552,2022,9,5,0.111,0.058,0.053,0.111,0.07,0.0409999999999999,0.098,0.056,0.042
647,Diaz, Yainer,673237,2022,9,6,0.125,0.178,-0.0529999999999999,0.25,0.399,-0.149,0.217,0.295,-0.0779999999999999
648,Muzziotti, Símon,665922,2022,9,6,0.143,0.176,-0.033,0.143,0.205,-0.062,0.201,0.235,-0.0339999999999999
649,Inciarte, Ender,542255,2022,8,8,0.125,0.202,-0.077,0.125,0.263,-0.138,0.11,0.201,-0.091
650,Greiner, Grayson,606988,2022,8,3,0.167,0.079,0.088,0.167,0.097,0.07,0.283,0.227,0.0559999999999999
651,Gore, Terrance,605253,2022,8,5,0.143,0.136,0.0069999999999999,0.143,0.158,-0.015,0.126,0.128,-0.002
652,Naylor, Bo,666310,2022,8,3,0.0,0.079,-0.079,0.0,0.118,-0.118,0.0,0.082,-0.082
653,Blanco, Dairon,680118,2022,7,3,0.286,0.06,0.2259999999999999,0.286,0.064,0.2219999999999999,0.253,0.056,0.197
654,Fermin, Freddy,666023,2022,7,4,0.0,0.027,-0.027,0.0,0.035,-0.035,0.0,0.026,-0.026
655,Capra, Vinny,681962,2022,7,4,0.2,0.249,-0.0489999999999999,0.2,0.354,-0.1539999999999999,0.323,0.379,-0.0559999999999999
656,Smith-Njigba, Canaan,675986,2022,7,5,0.2,0.213,-0.0129999999999999,0.4,0.446,-0.0459999999999999,0.381,0.401,-0.02
657,Guzmán, Ronald,608597,2022,6,1,0.0,0.008,-0.008,0.0,0.008,-0.008,0.0,0.007,-0.007
658,McDonald, Mickey,676782,2022,6,1,0.0,0.112,-0.112,0.0,0.123,-0.123,0.23,0.298,-0.0679999999999999
659,Motter, Taylor,600301,2022,6,3,0.167,0.203,-0.036,0.167,0.212,-0.0449999999999999,0.147,0.184,-0.037
660,Marrero, Deven,571918,2022,6,3,0.0,0.094,-0.094,0.0,0.119,-0.119,0.0,0.092,-0.092
661,Difo, Wilmer,594694,2022,6,5,0.0,0.195,-0.195,0.0,0.212,-0.212,0.0,0.181,-0.181
662,Wilson, Marcus,657129,2022,6,1,0.2,0.183,0.017,0.2,0.227,-0.0269999999999999,0.262,0.265,-0.003
663,Rosario, Eguy,666703,2022,6,3,0.2,0.033,0.167,0.2,0.036,0.164,0.262,0.139,0.123
664,Feliciano, Mario,666128,2022,5,3,0.25,0.378,-0.128,0.25,0.527,-0.277,0.315,0.452,-0.137
665,Lester, Josh,623507,2022,5,2,0.0,0.187,-0.187,0.0,0.244,-0.244,0.0,0.189,-0.189
666,Liberato, Luis,642451,2022,5,2,0.0,0.005,-0.005,0.0,0.01,-0.01,0.0,0.006,-0.006
667,O'Keefe, Brian,657247,2022,4,1,0.333,0.29,0.043,0.333,0.333,0.0,0.393,0.379,0.014
668,Riddle, JT,595375,2022,4,3,0.25,0.152,0.098,0.25,0.184,0.066,0.221,0.146,0.075
669,Alford, Anthony,546990,2022,4,2,0.25,0.037,0.213,0.25,0.049,0.201,0.221,0.035,0.186
670,Wolters, Tony,547172,2022,4,1,0.0,0.004,-0.004,0.0,0.009,-0.009,0.0,0.005,-0.005
671,Tromp, Chadwick,644433,2022,4,4,0.75,0.485,0.265,1.25,0.67,0.58,0.852,0.503,0.349
672,Peguero, Liover,678894,2022,4,1,0.333,0.181,0.152,0.333,0.2,0.133,0.393,0.297,0.096
673,Sands, Donny,664848,2022,4,2,0.0,0.152,-0.152,0.0,0.169,-0.169,0.172,0.275,-0.103
674,Stewart, DJ,621466,2022,3,1,0.0,0.018,-0.018,0.0,0.024,-0.024,0.0,0.019,-0.019
675,Jackson, Drew,623515,2022,3,2,0.0,0.062,-0.062,0.0,0.085,-0.085,0.0,0.06,-0.06
676,Blankenhorn, Travis,663905,2022,3,2,0.0,0.035,-0.035,0.0,0.05,-0.05,0.0,0.037,-0.037
677,Mondou, Nate,670148,2022,3,1,0.0,0.003,-0.003,0.0,0.004,-0.004,0.23,0.232,-0.002
678,Dawson, Ronnie,669008,2022,3,1,0.0,0.116,-0.116,0.0,0.123,-0.123,0.0,0.107,-0.107
679,Brantly, Rob,542963,2022,3,3,0.333,0.339,-0.006,0.667,0.437,0.23,0.42,0.333,0.0869999999999999
680,Lee, Khalil,666137,2022,2,2,0.5,0.455,0.0449999999999999,2.0,1.725,0.2749999999999999,1.036,0.911,0.125
681,Sanmartin, Reiver,665665,2022,2,1,0.0,0.051,-0.051,0.0,0.057,-0.057,0.0,0.05,-0.05
682,Tom, Ka'ai,664789,2022,1,1,0.0,0.029,-0.029,0.0,0.072,-0.072,0.0,0.036,-0.036
683,Jones, Taylor,622100,2022,1,1,0.0,0.1,-0.1,0.0,0.1,-0.1,0.0,0.093,-0.093
684,Robertson, Kramer,670298,2022,1,1,0.0,0.177,-0.177,0.0,0.232,-0.232,0.0,0.194,-0.194
